epoch,train_loss,train_loss_triplet,train_loss_delta,train_loss_retr,train_acc_retr1,train_triplet_acc,train_pos_sim_mean,val_loss,val_loss_triplet,val_loss_delta,val_loss_retr,val_acc_retr1,val_triplet_acc,val_pos_sim_mean,val_recall@1,val_recall@5,val_recall@1_freq<=$1,val_recall@1_freq<=$2,val_recall@1_freq<=$5,val_recall@1_freq<=$10,val_recall@1_freq<=$20,val_recall@1_freq<=$50,val_recall@1_freq<=$100,val_recall@1_freq<=$1000000,lr
0,,,,,,,,,,,,,,,,,,,,,,,,,
1,20.4561512700973,0.09138493450178255,0.33322430810620707,20.031542039686634,0.6154863911290323,0.5981602822580645,0.017329362508345155,2.520443856716156,0.1829449227079749,0.33245010673999786,2.005048856139183,0.6106492928229272,0.5887719132006168,0.015297479141736403,0.01898101898101898,0.0919080919080919,0.02697841726618705,0.010101010101010102,0.0,0.022727272727272728,0.011494252873563218,0.0,0.0,0.0,4e-05
2,17.568669811371834,0.06358990439724538,0.3224027793734304,17.182677122854418,0.6966985887096774,0.788054435483871,0.08350081816916505,1.883346065878868,0.09258537227287889,0.30944155901670456,1.4813191294670105,0.7552639078348875,0.8510861247777939,0.13053880678489804,0.1848151848151848,0.45454545454545453,0.1510791366906475,0.16161616161616163,0.1968503937007874,0.25,0.2988505747126437,0.21875,0.4166666666666667,0.0,8e-05
3,13.0361669371205,0.03549230939918949,0.30199831099279467,12.698676301587012,0.7904485887096774,0.9005796370967742,0.16896015297501318,1.5108327120542526,0.060757974395528436,0.2941564619541168,1.155918262898922,0.8069264460355043,0.9040586873888969,0.19855106994509697,0.25774225774225773,0.5884115884115884,0.22841726618705036,0.23232323232323232,0.29133858267716534,0.29545454545454547,0.3333333333333333,0.3125,0.5,0.0,0.00012
4,10.24274177705088,0.024602682645162268,0.2882349779528956,9.929904110970035,0.8422379032258065,0.9275453629032258,0.21828142505499623,1.3552122563123703,0.0518958184402436,0.28122549317777157,1.0220909416675568,0.828470366075635,0.9137052185833454,0.2236488787457347,0.29270729270729273,0.6493506493506493,0.2715827338129496,0.25252525252525254,0.31496062992125984,0.3522727272727273,0.3563218390804598,0.28125,0.5,0.0,0.00016
5,8.442918273710436,0.01902995945044583,0.2798726520230693,8.144015685204536,0.8755040322580645,0.9427923387096774,0.2462134464613853,1.2620427906513214,0.04868877795524895,0.2736767251044512,0.9396772980690002,0.837747709825635,0.9068692810833454,0.24891010019928217,0.32667332667332666,0.6793206793206793,0.30755395683453235,0.3333333333333333,0.36220472440944884,0.36363636363636365,0.3448275862068966,0.28125,0.5,0.0,0.0002
6,7.1697830384777435,0.015345852393957396,0.2770562294510103,6.877380940221971,0.9012726814516129,0.9523689516129032,0.26648704575434806,1.2169902250170708,0.04334164853207767,0.2796492502093315,0.8939993269741535,0.8452862966805696,0.9230421110987663,0.2540266206488013,0.34165834165834164,0.7042957042957043,0.33093525179856115,0.32323232323232326,0.36220472440944884,0.3977272727272727,0.3563218390804598,0.28125,0.4166666666666667,0.0,0.00019998708738465178
7,6.167650057423499,0.012158835107731003,0.2802106098782632,5.8752805994402975,0.917023689516129,0.9624495967741935,0.2839624506811942,1.1895623281598091,0.03994998848065734,0.2813549228012562,0.8682574294507504,0.8487638123333454,0.9358565136790276,0.2599219586700201,0.35664335664335667,0.7182817182817183,0.3597122302158273,0.3434343434343434,0.3858267716535433,0.3522727272727273,0.3333333333333333,0.25,0.5,0.0,0.00019994835289007722
8,5.442712891486384,0.010522219215354492,0.27993310074652394,5.152257577065499,0.9337827620967742,0.9678679435483871,0.29596344453673207,1.1645739823579788,0.041130803525447845,0.2840087413787842,0.8394344337284565,0.8522413279861212,0.9344512186944485,0.2650347948074341,0.36163836163836166,0.7202797202797203,0.3435251798561151,0.36363636363636365,0.4094488188976378,0.38636363636363635,0.39080459770114945,0.28125,0.5,0.0,0.0001998838065698165
9,4.888071679299878,0.009383428863422465,0.280377333443011,4.598310920499986,0.9437373991935484,0.9707661290322581,0.3055451036460938,1.1623459532856941,0.04071177798323333,0.28579937294125557,0.835834801197052,0.8539205379784107,0.9295684061944485,0.2668049056082964,0.3776223776223776,0.7182817182817183,0.3669064748201439,0.35353535353535354,0.41732283464566927,0.4318181818181818,0.3563218390804598,0.34375,0.5,0.0,0.00019979346517687085
10,4.419249457697714,0.008833467879618008,0.27999417339601823,4.130421794229938,0.9506048387096774,0.969758064516129,0.31473031063233653,1.147584367543459,0.04001306346617639,0.28020188584923744,0.8273694217205048,0.8595655467361212,0.9279249235987663,0.27116594184190035,0.3836163836163836,0.7212787212787213,0.37410071942446044,0.35353535353535354,0.4330708661417323,0.42045454545454547,0.367816091954023,0.34375,0.5,0.0,0.00019967735215935392
11,4.10600495722986,0.007721927480757116,0.2776800557490318,3.820602984197678,0.9559601814516129,0.9731602822580645,0.3222603552764462,1.1208263039588928,0.0377444006735459,0.27609036304056644,0.8069915473461151,0.8576124217361212,0.9373809061944485,0.2690432770177722,0.3916083916083916,0.7192807192807192,0.37949640287769787,0.36363636363636365,0.4330708661417323,0.4431818181818182,0.40229885057471265,0.3125,0.5,0.0,0.00019953549765440605
12,3.742641656629501,0.006962741113027498,0.27353900382595675,3.462139910267245,0.9610005040322581,0.9739163306451613,0.32758958036861113,1.1367814764380455,0.04239425854757428,0.27431488782167435,0.8200723193585873,0.8586485292762518,0.9188262186944485,0.27834472339600325,0.4025974025974026,0.7222777222777222,0.39928057553956836,0.35353535353535354,0.4566929133858268,0.42045454545454547,0.41379310344827586,0.34375,0.3333333333333333,0.0,0.00019936793848037215
13,3.5772068212109227,0.006872053254365681,0.26948357541714946,3.3008511893210875,0.9615045362903226,0.9731602822580645,0.3330108758903319,1.118172314018011,0.041283241589553654,0.274791257455945,0.8020978271961212,0.8578863348811865,0.9187071248888969,0.27836574241518974,0.40559440559440557,0.7112887112887113,0.39568345323741005,0.3333333333333333,0.48031496062992124,0.4772727272727273,0.39080459770114945,0.3125,0.5,0.0,0.00019917471812724543
14,3.3874230846281974,0.00637522853268761,0.2655678994713291,3.1154799788228926,0.9650327620967742,0.9749243951612904,0.3382350910575159,1.1175651028752327,0.04369591176509857,0.26450325921177864,0.809365950524807,0.8562071230262518,0.9058927185833454,0.27640042919665575,0.3966033966033966,0.7222777222777222,0.3830935251798561,0.37373737373737376,0.44881889763779526,0.45454545454545453,0.3793103448275862,0.34375,0.5,0.0,0.0001989558867453796
15,3.1638955377763316,0.005899300066014421,0.25616844779541414,2.901827783353867,0.9671748991935484,0.9753024193548387,0.34187050283916537,1.1153907887637615,0.04260493605397642,0.2579121831804514,0.8148736692965031,0.8572432324290276,0.9245664998888969,0.2778894118964672,0.4035964035964036,0.7222777222777222,0.4064748201438849,0.35353535353535354,0.4330708661417323,0.4431818181818182,0.3793103448275862,0.34375,0.4166666666666667,0.0,0.0001987115011324723
16,3.0164075186175685,0.005618155597344852,0.25017261529161083,2.7606167504864354,0.969695060483871,0.9776965725806451,0.347236773660106,1.105877622961998,0.04226507595740259,0.24892531242221594,0.8146872371435165,0.8585889842361212,0.9206602498888969,0.27764776442199945,0.3966033966033966,0.7252747252747253,0.3902877697841727,0.40404040404040403,0.44881889763779526,0.4431818181818182,0.3448275862068966,0.3125,0.3333333333333333,0.0,0.00019844162471882349
17,2.910445726686908,0.006282299290403664,0.24284922764185937,2.661314198086339,0.9701990927419355,0.9735383064516129,0.34939161255475015,1.0923186726868153,0.03845301433466375,0.24482123740017414,0.8090444281697273,0.8593511786311865,0.9393340311944485,0.28815467469394207,0.4005994005994006,0.7232767232767233,0.39568345323741005,0.41414141414141414,0.4330708661417323,0.42045454545454547,0.3793103448275862,0.3125,0.4166666666666667,0.0,0.00019814632755087164
18,2.7893844794842506,0.005612239234089371,0.23887826706613263,2.544893974258054,0.9717741935483871,0.9761844758064516,0.3535774273257102,1.0906363911926746,0.042803029995411634,0.2380757089704275,0.8097576349973679,0.8539800848811865,0.9125381074845791,0.280847392976284,0.4035964035964036,0.7232767232767233,0.39928057553956836,0.3939393939393939,0.44881889763779526,0.42045454545454547,0.3793103448275862,0.34375,0.4166666666666667,0.0,0.00019782568627301367
19,2.785081184679462,0.005741803983842293,0.231139377841065,2.548200006446531,0.9698840725806451,0.973664314516129,0.3555397379302209,1.0781966894865036,0.03880630130879581,0.2311770711094141,0.8082133233547211,0.8577315136790276,0.9320693574845791,0.2873145714402199,0.4065934065934066,0.7252747252747253,0.39928057553956836,0.40404040404040403,0.44881889763779526,0.4318181818181818,0.39080459770114945,0.375,0.3333333333333333,0.0,0.0001974797841077116
20,2.6563752226291166,0.005493536088784646,0.22398517400987686,2.4268965144311228,0.9728452620967742,0.9756804435483871,0.35831738359505133,1.0793065391480923,0.0416881701676175,0.2255397168919444,0.8120786659419537,0.8601133730262518,0.9270674511790276,0.27334452141076326,0.41358641358641357,0.7302697302697303,0.39928057553956836,0.42424242424242425,0.4409448818897638,0.48863636363636365,0.3793103448275862,0.40625,0.4166666666666667,0.0,0.00019710871083389217
21,2.5681211015870495,0.005751111666716996,0.21723585948348045,2.3451341256018607,0.9738533266129032,0.973664314516129,0.3592554453399874,1.0805622227489948,0.0402036210289225,0.21868004463613033,0.8216785714030266,0.8576719667762518,0.9295684061944485,0.2791452379897237,0.4035964035964036,0.7182817182817183,0.39748201438848924,0.3838383838383838,0.4645669291338583,0.42045454545454547,0.41379310344827586,0.28125,0.3333333333333333,0.0,0.00019671256276364497
22,2.5324504019752627,0.005086167885418681,0.21133239735518733,2.3160318405397478,0.9720892137096774,0.977570564516129,0.3625751053614001,1.0770254544913769,0.041749081457965076,0.2086200388148427,0.8266563266515732,0.8547422792762518,0.9192549511790276,0.27808117028325796,0.4165834165834166,0.7362637362637363,0.4118705035971223,0.40404040404040403,0.4645669291338583,0.4090909090909091,0.39080459770114945,0.375,0.5833333333333334,0.0,0.00019629144271722418
23,2.4451333255537095,0.005513752158637339,0.20214549091554457,2.237474090630008,0.9740423387096774,0.9747983870967742,0.36428128062717374,1.0733705572783947,0.04403606813866645,0.20241582486778498,0.8269186727702618,0.8508360292762518,0.9132764860987663,0.280342947691679,0.41058941058941056,0.7302697302697303,0.4064748201438849,0.37373737373737376,0.44881889763779526,0.45454545454545453,0.3563218390804598,0.40625,0.5833333333333334,0.0,0.00019584545999636207
24,2.3608890175819397,0.005258869668215348,0.198032641843442,2.1575975062385684,0.9763104838709677,0.9749243951612904,0.3650084866150733,1.0540831200778484,0.039992004400119185,0.19357054121792316,0.8205205760896206,0.8596846386790276,0.9320693574845791,0.28235355392098427,0.40559440559440557,0.7192807192807192,0.39748201438848924,0.3939393939393939,0.44881889763779526,0.4318181818181818,0.39080459770114945,0.375,0.4166666666666667,0.0,0.00019537473035589927
25,2.3394471003163244,0.005063698518150035,0.18891375644072408,2.145469642454578,0.9759324596774194,0.9763104838709677,0.3657574521437768,1.0640288516879082,0.04386477544903755,0.18972323276102543,0.8304408453404903,0.8503477480262518,0.9142530485987663,0.28006829507648945,0.41358641358641357,0.7242757242757243,0.39748201438848924,0.4444444444444444,0.44881889763779526,0.4431818181818182,0.41379310344827586,0.375,0.4166666666666667,0.0,0.00019487937597374098
26,2.3009305394464925,0.005216055028159322,0.18414443791393312,2.1115700573690477,0.9746723790322581,0.9760584677419355,0.36712996084843913,1.0561628825962543,0.04248124663718045,0.1864883415400982,0.8271933011710644,0.8530035223811865,0.9198027811944485,0.28339342027902603,0.4075924075924076,0.7152847152847153,0.4010791366906475,0.3939393939393939,0.4645669291338583,0.4318181818181818,0.3793103448275862,0.34375,0.4166666666666667,0.0,0.00019435952541914543
27,2.2572582854378607,0.005007486079721862,0.17868464440107346,2.073566158933024,0.9756804435483871,0.9770665322580645,0.37097338274601965,1.0549434535205364,0.042171087116003036,0.17545014154165983,0.8373222313821316,0.8543135449290276,0.9169921837747097,0.281322730705142,0.4025974025974026,0.7132867132867133,0.39388489208633093,0.42424242424242425,0.4409448818897638,0.4431818181818182,0.3563218390804598,0.3125,0.5,0.0,0.00019381531361935386
28,2.2328316771215007,0.004789978651153375,0.173147912708021,2.0548937859073764,0.9751764112903226,0.9771925403225806,0.3721118180021163,1.0516049228608608,0.04359090584330261,0.17045394703745842,0.8375600725412369,0.8530630692839622,0.9277343712747097,0.2793593183159828,0.4065934065934066,0.7182817182817183,0.3902877697841727,0.42424242424242425,0.4645669291338583,0.4431818181818182,0.3563218390804598,0.40625,0.5,0.0,0.00019324688182457002
29,2.21244359304828,0.004755498277870262,0.17022241928404377,2.0374656747425757,0.9764364919354839,0.9768145161290323,0.3718033298369377,1.0427090153098106,0.044339398154988885,0.17154819890856743,0.8268214128911495,0.8505621161311865,0.9173018261790276,0.2818675320595503,0.4015984015984016,0.7062937062937062,0.38848920863309355,0.3838383838383838,0.4566929133858268,0.45454545454545453,0.40229885057471265,0.3125,0.4166666666666667,0.0,0.00019265437757129877
30,2.1318166179041707,0.005199597325108405,0.1657116386678911,1.9609053788646575,0.9760584677419355,0.9744203629032258,0.3751468495015175,1.047520738095045,0.0435282823164016,0.16421195399016142,0.8397805020213127,0.8454649355262518,0.9097989685833454,0.28496795892715454,0.40559440559440557,0.7112887112887113,0.3830935251798561,0.40404040404040403,0.47244094488188976,0.4659090909090909,0.39080459770114945,0.40625,0.4166666666666667,0.0,0.000192037954644053
31,2.126702989301374,0.004657560184920927,0.1620982618581864,1.9599471688270569,0.9761844758064516,0.979460685483871,0.3751657489807375,1.0583177655935287,0.042427343083545566,0.16255985014140606,0.853330560028553,0.8427496161311865,0.9270674511790276,0.28073394298553467,0.40559440559440557,0.7052947052947053,0.3920863309352518,0.40404040404040403,0.4645669291338583,0.45454545454545453,0.367816091954023,0.375,0.4166666666666667,0.0,0.00019139777303543877
32,2.0853305833954967,0.004817197641034821,0.15605576877151767,1.924457625996682,0.9770035282258065,0.977570564516129,0.3751350184602122,1.044879574328661,0.044658652041107416,0.15874243527650833,0.841478493064642,0.8479063417762518,0.9125381074845791,0.28027966897934675,0.4045954045954046,0.7142857142857143,0.38848920863309355,0.41414141414141414,0.4645669291338583,0.4659090909090909,0.367816091954023,0.34375,0.4166666666666667,0.0,0.0001907339989046293
33,2.0469729333154616,0.00445590287563391,0.1518942990129994,1.890622729255307,0.9765625,0.9790826612903226,0.37676205654298106,1.0433941558003426,0.044780052499845624,0.15194091014564037,0.8466731980443001,0.8507764842361212,0.9201124235987663,0.2759100366383791,0.41058941058941056,0.7122877122877123,0.39388489208633093,0.42424242424242425,0.4409448818897638,0.5113636363636364,0.367816091954023,0.375,0.4166666666666667,0.0,0.00019004680453423812
34,2.0449162894679653,0.004985139702893643,0.14753244432710833,1.8923987073283042,0.9778855846774194,0.9763104838709677,0.3777196474613682,1.0411932915449142,0.044004264287650585,0.14816357754170895,0.8490254431962967,0.8481207098811865,0.9113233610987663,0.28144936822354794,0.40559440559440557,0.7112887112887113,0.4064748201438849,0.3838383838383838,0.4409448818897638,0.4659090909090909,0.367816091954023,0.28125,0.3333333333333333,0.0,0.00018933636828560348
35,2.023627084109091,0.005099272282677703,0.1441016576943859,1.874426144746042,0.977507560483871,0.9754284274193549,0.37933446058342535,1.036759115755558,0.04124415887054056,0.1431830571964383,0.8523318953812122,0.8474180605262518,0.9291396699845791,0.27303281892091036,0.4085914085914086,0.7122877122877123,0.39748201438848924,0.43434343434343436,0.44881889763779526,0.4772727272727273,0.367816091954023,0.3125,0.3333333333333333,0.0,0.0001886028745524944
36,1.984183588335591,0.004373677593731929,0.13931629175861035,1.840493617038573,0.9772555443548387,0.9788306451612904,0.3779089575813663,1.0341707542538643,0.042705503990873694,0.13893811963498592,0.8525271229445934,0.8498594667762518,0.9246855936944485,0.28285443130880594,0.3956043956043956,0.7142857142857143,0.3830935251798561,0.40404040404040403,0.4566929133858268,0.4318181818181818,0.367816091954023,0.3125,0.4166666666666667,0.0,0.00018784651371325125
37,1.9509772052687984,0.004672032082922787,0.13567477338496717,1.8106304012960004,0.9778855846774194,0.9783266129032258,0.3789752498269081,1.0350699536502361,0.04609893145971,0.13763471506536007,0.851336307823658,0.8483946230262518,0.9065596386790276,0.2780237030237913,0.4005994005994006,0.7012987012987013,0.3920863309352518,0.40404040404040403,0.4251968503937008,0.4431818181818182,0.39080459770114945,0.34375,0.4166666666666667,0.0,0.0001870674820813732
38,1.9250671700123818,0.004796340069714783,0.1334803850660401,1.786790439198094,0.9790826612903226,0.9749243951612904,0.3810575669330935,1.0248681083321571,0.045894273556768894,0.12803960777819157,0.8509342297911644,0.8459532167762518,0.9168730936944485,0.2818375937640667,0.3986013986013986,0.7002997002997003,0.38848920863309355,0.3939393939393939,0.4330708661417323,0.4659090909090909,0.39080459770114945,0.28125,0.4166666666666667,0.0,0.0001862659818545649
39,1.9146767787394985,0.0047596284956295766,0.12830793887617126,1.7816092112372,0.977570564516129,0.9753024193548387,0.3794853257075433,1.0195549875497818,0.038903414155356586,0.1301446622237563,0.850506916642189,0.8483946230262518,0.9364043436944485,0.27137032337486744,0.4085914085914086,0.7152847152847153,0.4028776978417266,0.41414141414141414,0.4330708661417323,0.4318181818181818,0.39080459770114945,0.375,0.4166666666666667,0.0,0.00018544222106225608
40,1.9201693179145936,0.00480172285883342,0.12510145425556168,1.7902661422567983,0.9782636088709677,0.9749243951612904,0.38375254936756625,1.0191625505685806,0.04449443006888032,0.12763078976422548,0.8470373228192329,0.8527891542762518,0.9210889860987663,0.2783741485327482,0.4125874125874126,0.7162837162837162,0.4010791366906475,0.3939393939393939,0.48031496062992124,0.4659090909090909,0.367816091954023,0.375,0.4166666666666667,0.0,0.00018459641351160758
41,1.9013739045589202,0.004550191967639201,0.12404385365305408,1.7727798584007448,0.9787676411290323,0.9780745967741935,0.38074386288081447,1.0205474346876144,0.04332835553213954,0.1267229118384421,0.850496169179678,0.8469297792762518,0.9202315136790276,0.28452616930007935,0.4145854145854146,0.7122877122877123,0.39928057553956836,0.43434343434343436,0.4645669291338583,0.45454545454545453,0.39080459770114945,0.375,0.4166666666666667,0.0,0.00018372877873201754
42,1.853149406371578,0.004360175342768461,0.12064657624690764,1.7281426537421443,0.9783266129032258,0.9774445564516129,0.3847377047904076,1.0272622779011726,0.04372293781489134,0.11615484114736319,0.867384497076273,0.8486089911311865,0.9227324686944485,0.27924511209130287,0.41358641358641357,0.7122877122877123,0.4118705035971223,0.42424242424242425,0.4330708661417323,0.4431818181818182,0.3793103448275862,0.34375,0.4166666666666667,0.0,0.00018283954191814275
43,1.8291537771301885,0.004461713311273695,0.11649379873227689,1.7081982627991708,0.9796496975806451,0.9773185483870968,0.38295286917878735,1.019850354641676,0.044052718323655427,0.11816405551508069,0.8576335720717907,0.8414991404861212,0.9108946248888969,0.29075778648257256,0.4115884115884116,0.7002997002997003,0.39928057553956836,0.43434343434343436,0.4330708661417323,0.4318181818181818,0.42528735632183906,0.375,0.4166666666666667,0.0,0.00018192893387144912
44,1.81645488066058,0.004314349741757577,0.1138165025340934,1.6983240299647855,0.9783896169354839,0.9803427419354839,0.38442060303303505,0.996294017881155,0.042338392697274685,0.1084669129922986,0.845488715916872,0.8451910223811865,0.9238281212747097,0.29086421616375446,0.4165834165834166,0.7072927072927073,0.4118705035971223,0.3939393939393939,0.44881889763779526,0.4659090909090909,0.39080459770114945,0.375,0.4166666666666667,0.0,0.00018099719094030728
45,1.8002911724390522,0.004562880488998828,0.10930987333338107,1.6864184170000014,0.977507560483871,0.9764364919354839,0.38502071172960345,0.9980776570737362,0.04495396779384464,0.1076440503820777,0.8454796299338341,0.8503477480262518,0.9158965311944485,0.27556017599999905,0.4095904095904096,0.7052947052947053,0.4028776978417266,0.42424242424242425,0.4409448818897638,0.4431818181818182,0.3793103448275862,0.34375,0.4166666666666667,0.0,0.00018004455495864837
46,1.7685221803765143,0.00471146148840724,0.10865419766595287,1.6551565162597164,0.9785786290322581,0.9763104838709677,0.385447284387004,1.003580380231142,0.04303896485362202,0.11147012282162905,0.849071279168129,0.8456793036311865,0.9158965311944485,0.2837632317095995,0.4195804195804196,0.7002997002997003,0.4154676258992806,0.43434343434343436,0.4566929133858268,0.45454545454545453,0.3793103448275862,0.28125,0.5,0.0,0.00017907127318319597
47,1.8045224460863298,0.004386028263158345,0.10784728831100848,1.6922891274575265,0.9785786290322581,0.9798387096774194,0.38425762975408184,1.005326084792614,0.045846502180211246,0.10687859170138836,0.8526009880006313,0.8444288279861212,0.9177305623888969,0.28229557629674673,0.4065934065934066,0.7092907092907093,0.3902877697841727,0.40404040404040403,0.4645669291338583,0.45454545454545453,0.40229885057471265,0.34375,0.4166666666666667,0.0,0.00017807759822929063
48,1.78161735063599,0.004313117453421,0.1052437562855982,1.6720604665817753,0.9786416330645161,0.9778225806451613,0.3845765424832221,0.9999353215098381,0.04345926106907427,0.10624800669029355,0.8502280525863171,0.8462271317839622,0.9227324686944485,0.2676597237586975,0.4205794205794206,0.7062937062937062,0.41007194244604317,0.45454545454545453,0.47244094488188976,0.4431818181818182,0.3793103448275862,0.34375,0.4166666666666667,0.0,0.00017706378800532352
49,1.7882786172051583,0.0041057620180635565,0.10276425443589687,1.6814086023838288,0.9781376008064516,0.9809727822580645,0.3876881116340237,1.0105804279446602,0.04511042742524296,0.10195098351687193,0.8635190166532993,0.8419874217361212,0.9220655485987663,0.2747370842844248,0.41058941058941056,0.6993006993006993,0.39928057553956836,0.4444444444444444,0.4409448818897638,0.4772727272727273,0.3793103448275862,0.3125,0.3333333333333333,0.0,0.0001760301056457963
50,1.7310718874777518,0.004540478393356616,0.10150919692410577,1.6250222080176877,0.9795866935483871,0.9766885080645161,0.38757091279952754,1.007897224277258,0.045096766436472535,0.09988678200170398,0.8629136718809605,0.8510503973811865,0.9118711873888969,0.2784434426575899,0.4115884115884116,0.7122877122877123,0.39568345323741005,0.46464646464646464,0.44881889763779526,0.4772727272727273,0.367816091954023,0.34375,0.3333333333333333,0.0,0.00017497681944302458
51,1.7198028237588945,0.004470810420659085,0.0993728296410653,1.615959184785043,0.9808467741935484,0.9761844758064516,0.38883227782864727,1.0158228687942028,0.04554818756878376,0.10253672348335385,0.8677379563450813,0.8464414980262518,0.9139434061944485,0.27005677204579115,0.4145854145854146,0.7132867132867133,0.39748201438848924,0.45454545454545453,0.4566929133858268,0.4772727272727273,0.367816091954023,0.375,0.4166666666666667,0.0,0.00017390420277750256
52,1.7371873759454297,0.004535768759641571,0.0986775406786511,1.6339740714719218,0.9801537298387096,0.9770665322580645,0.38720562477265635,1.013810571283102,0.04609911749139428,0.09834373462945223,0.8693677149713039,0.8458936717361212,0.9114424511790276,0.26661675330251455,0.41858141858141856,0.7052947052947053,0.4028776978417266,0.42424242424242425,0.48031496062992124,0.4659090909090909,0.39080459770114945,0.375,0.4166666666666667,0.0,0.0001728125340469472
53,1.711244404796631,0.004638775744223817,0.09672494166560712,1.609880686286957,0.979460685483871,0.9739163306451613,0.38916377819353537,1.0208597667515278,0.04474393045529723,0.09793217247352004,0.8781836591660976,0.8434522654861212,0.9183974824845791,0.28363526053726673,0.4035964035964036,0.7072927072927073,0.3902877697841727,0.41414141414141414,0.47244094488188976,0.4772727272727273,0.3448275862068966,0.28125,0.4166666666666667,0.0,0.00017170209659404006
54,1.6857843990287473,0.004183445353485313,0.0943182720652511,1.5872826725244522,0.9805947580645161,0.9785786290322581,0.3886561042839481,1.0205043070018291,0.0469440808519721,0.09799154568463564,0.8755686655640602,0.8404630310833454,0.9099180623888969,0.28838280215859413,0.4165834165834166,0.7002997002997003,0.4028776978417266,0.4444444444444444,0.48031496062992124,0.42045454545454547,0.40229885057471265,0.34375,0.4166666666666667,0.0,0.00017057317863288556
55,1.6634173369215381,0.0044406957618306365,0.09407542285419279,1.5649012120500687,0.9797757056451613,0.9769405241935484,0.3906791219788213,1.0080213584005833,0.04452387348283082,0.09059533011168242,0.872902162373066,0.8417730536311865,0.9251143261790276,0.27483406849205494,0.4045954045954046,0.7042957042957043,0.39388489208633093,0.42424242424242425,0.4330708661417323,0.4659090909090909,0.3793103448275862,0.3125,0.4166666666666667,0.0,0.00016942607317420517
56,1.6943476796150208,0.004393750998837453,0.09074838273227215,1.5992055424759466,0.9791456653225806,0.9771925403225806,0.3898772323323834,1.0011730417609215,0.044579926994629204,0.0900203618220985,0.8665727600455284,0.8417730536311865,0.9174209199845791,0.27543172147125006,0.4145854145854146,0.7022977022977023,0.39388489208633093,0.42424242424242425,0.5039370078740157,0.4318181818181818,0.40229885057471265,0.375,0.4166666666666667,0.0,0.00016826107794928633
57,1.6771589541627514,0.004147078656505102,0.08878845451099257,1.5842234251960632,0.9807837701612904,0.9768145161290323,0.38896974825089975,0.9956103302538395,0.04343629092909396,0.08991908142343163,0.8622549585998058,0.8446431942284107,0.9178496561944485,0.27985560335218906,0.41358641358641357,0.7112887112887113,0.4028776978417266,0.45454545454545453,0.4645669291338583,0.45454545454545453,0.3448275862068966,0.34375,0.4166666666666667,0.0,0.0001670784953327064
58,1.6735182697734525,0.004342000409979524,0.08726669090890116,1.5819095820188522,0.9797757056451613,0.9771925403225806,0.3906694617002241,1.0125102177262306,0.04578816646244377,0.09046653797850013,0.8762555085122585,0.8400342967361212,0.9188262186944485,0.25882767140865326,0.4075924075924076,0.7022977022977023,0.39928057553956836,0.46464646464646464,0.4566929133858268,0.45454545454545453,0.3218390804597701,0.3125,0.3333333333333333,0.0,0.00016587863226385122
59,1.6758257525582467,0.004700025131892142,0.0869560187622424,1.5841697021838157,0.978515625,0.9749243951612904,0.38891130084953,1.0029650889337063,0.04516865033656359,0.09054129524156451,0.8672551363706589,0.8475728817284107,0.9191358610987663,0.27777345944195986,0.41858141858141856,0.7052947052947053,0.4028776978417266,0.43434343434343436,0.4881889763779528,0.45454545454545453,0.39080459770114945,0.34375,0.4166666666666667,0.0,0.000164661800167249
60,1.629067005169007,0.004408667896284662,0.08536386303603649,1.5392944707024483,0.9797127016129032,0.9768145161290323,0.39229534302026997,0.999377679079771,0.044824128272011876,0.08517915336415172,0.8693743869662285,0.8412847723811865,0.9138243123888969,0.27829107642173767,0.4065934065934066,0.7012987012987013,0.39748201438848924,0.41414141414141414,0.4566929133858268,0.45454545454545453,0.367816091954023,0.3125,0.4166666666666667,0.0,0.00016342831487174003
61,1.6084226994745192,0.004620184532776024,0.08496571999163396,1.5188367977257697,0.9816028225806451,0.9746723790322581,0.3904178817906687,1.002636194229126,0.04323471197858453,0.08883426198735833,0.8705672100186348,0.8440000917762518,0.9223037324845791,0.27374761924147606,0.4075924075924076,0.6963036963036963,0.38489208633093525,0.4444444444444444,0.4566929133858268,0.4659090909090909,0.3793103448275862,0.40625,0.4166666666666667,0.0,0.00016217849652850347
62,1.6037577275306947,0.004276695242644506,0.08269819683365283,1.516782831761145,0.9809727822580645,0.9764364919354839,0.3922427652343627,1.0007346123456955,0.04416753863915801,0.08270061295479536,0.8738664612174034,0.8380811717361212,0.9158965311944485,0.2668299665674567,0.4175824175824176,0.7102897102897103,0.4028776978417266,0.45454545454545453,0.47244094488188976,0.42045454545454547,0.40229885057471265,0.375,0.4166666666666667,0.0,0.00016091266952796178
63,1.631317792400237,0.004299947341355766,0.08137696506755968,1.5456408791003688,0.9797757056451613,0.975554435483871,0.392653675569642,1.0071845352649689,0.04495695559307933,0.08266395190730691,0.8795636259019375,0.8437261786311865,0.9146817810833454,0.2655019545927644,0.4155844155844156,0.7022977022977023,0.41007194244604317,0.43434343434343436,0.44881889763779526,0.42045454545454547,0.39080459770114945,0.375,0.4166666666666667,0.0,0.00015963116241558543
64,1.5688523102191188,0.004306292645314017,0.0792260292556978,1.485319985978065,0.981413810483871,0.9779485887096774,0.3906779904519358,0.9958799332380295,0.04515944398008287,0.08091129967942834,0.8698091953992844,0.8464414980262518,0.9148008748888969,0.27377467043697834,0.4175824175824176,0.7042957042957043,0.4064748201438849,0.4444444444444444,0.4645669291338583,0.4090909090909091,0.42528735632183906,0.34375,0.4166666666666667,0.0,0.00015833430780661884
65,1.5697359529233748,0.004472190197937438,0.07812342173870533,1.4871403392284148,0.9808467741935484,0.9760584677419355,0.3947861199417422,0.9924424663186073,0.04450298298615962,0.07687361165881157,0.8710658773779869,0.8431783504784107,0.9223037324845791,0.2765920106321573,0.42357642357642356,0.6963036963036963,0.420863309352518,0.41414141414141414,0.48031496062992124,0.4318181818181818,0.39080459770114945,0.34375,0.4166666666666667,0.0,0.00015702244229975004
66,1.56619933391771,0.00451724526318421,0.07650794695702291,1.4851741386998085,0.9810987903225806,0.9742943548387096,0.39170854851122827,0.9952908866107464,0.04557886067777872,0.07581920828670263,0.8738928101956844,0.8442144598811865,0.9157774373888969,0.2732657892629504,0.41358641358641357,0.7082917082917083,0.4028776978417266,0.45454545454545453,0.48031496062992124,0.42045454545454547,0.367816091954023,0.3125,0.4166666666666667,0.0,0.00015569590638974632
67,1.5257585519744503,0.003984773637644286,0.07598513521013721,1.44578864834001,0.9817918346774194,0.9802167338709677,0.39312242644448436,0.9890758469700813,0.04385311366058886,0.07843096600845456,0.866791769862175,0.8422613348811865,0.9152296110987663,0.26852730195969343,0.4115884115884116,0.7042957042957043,0.39388489208633093,0.41414141414141414,0.4881889763779528,0.45454545454545453,0.3793103448275862,0.34375,0.5,0.0,0.00015435504437907917
68,1.548954384461526,0.004639546624891791,0.0753161916208844,1.4689986436597762,0.9813508064516129,0.9742943548387096,0.3952670892880809,0.9865579605102539,0.045099944225512445,0.07758100563660264,0.86387699842453,0.8432378973811865,0.9119902811944485,0.28585479594767094,0.4245754245754246,0.7042957042957043,0.4118705035971223,0.45454545454545453,0.4881889763779528,0.4659090909090909,0.3793103448275862,0.34375,0.3333333333333333,0.0,0.00015300020428856022
69,1.547338820753559,0.00395935486660399,0.0759160169550488,1.467463455373241,0.9822328629032258,0.9795866935483871,0.39467395313324466,0.9965194091200829,0.044480725890025496,0.07585215987637639,0.876186516135931,0.8476919755339622,0.9206602498888969,0.2705572145059705,0.42357642357642356,0.6993006993006993,0.41007194244604317,0.43434343434343436,0.4881889763779528,0.4659090909090909,0.3793103448275862,0.375,0.4166666666666667,0.0,0.0001516317377670125
70,1.5024533190073506,0.004149093087049081,0.07549695436271929,1.4228072719227882,0.9830519153225806,0.9783266129032258,0.3939622953053444,0.991749856621027,0.04608267149887979,0.0770601686090231,0.8686070181429386,0.8434522654861212,0.9108946248888969,0.2656172551214695,0.4205794205794206,0.7072927072927073,0.4010791366906475,0.46464646464646464,0.48031496062992124,0.4659090909090909,0.3793103448275862,0.375,0.4166666666666667,0.0,0.00015025
71,1.5055112680119853,0.004183449688547802,0.07480566269688067,1.426522157365276,0.9825478830645161,0.9785786290322581,0.3963025397350711,0.9866587519645691,0.045618569012731314,0.07431462500244379,0.8667255640029907,0.8454053904861212,0.9129668436944485,0.28254590183496475,0.4225774225774226,0.6963036963036963,0.40827338129496404,0.42424242424242425,0.5118110236220472,0.4431818181818182,0.40229885057471265,0.34375,0.3333333333333333,0.0,0.0001488553496176393
72,1.5145496178057887,0.004257513951386265,0.07311480089781745,1.4371773047793297,0.9825478830645161,0.9780745967741935,0.3981060431368889,1.003768965601921,0.04783486505039036,0.07256205938756466,0.8833720497786999,0.8444288279861212,0.9083936735987663,0.28351590037345886,0.43456543456543456,0.7042957042957043,0.4244604316546763,0.41414141414141414,0.4881889763779528,0.48863636363636365,0.40229885057471265,0.375,0.5,0.0,0.000147448148601517
73,1.5289018702122472,0.0041966960913757045,0.07390754868186289,1.4507976284911555,0.9819178427419355,0.9770665322580645,0.3974647620512593,0.9888689182698727,0.04473188775591552,0.0762606356292963,0.8678763918578625,0.8444288279861212,0.9227324686944485,0.2849799171090126,0.41858141858141856,0.7042957042957043,0.4028776978417266,0.4444444444444444,0.4645669291338583,0.45454545454545453,0.40229885057471265,0.375,0.4166666666666667,0.0,0.00014602876219073734
74,1.5060492311754534,0.004023989339569403,0.07326558070077051,1.4287596638164213,0.9825478830645161,0.9787046370967742,0.39739987782893643,0.979935422539711,0.04360364633612335,0.07198148057796061,0.8643503040075302,0.8474180605262518,0.9157774373888969,0.27777598705142736,0.4255744255744256,0.6953046953046953,0.4244604316546763,0.41414141414141414,0.44881889763779526,0.4431818181818182,0.41379310344827586,0.375,0.4166666666666667,0.0,0.00014459755878712453
75,1.489068920093198,0.004383256626874021,0.06978988734584662,1.4148957806248819,0.9829889112903226,0.9754284274193549,0.3966510625135514,0.9876458793878555,0.045266445726156235,0.0709323063492775,0.8714471384882927,0.8444288279861212,0.9281631074845791,0.2746123690158129,0.41358641358641357,0.7012987012987013,0.40467625899280574,0.41414141414141414,0.4566929133858268,0.4431818181818182,0.39080459770114945,0.375,0.4166666666666667,0.0,0.00014315490985960388
76,1.486408767680968,0.004102975264803747,0.07081429155603532,1.4114915026772408,0.9826738911290323,0.9789566532258065,0.39476394412979005,0.9833641424775124,0.04281574615743011,0.07156860618852079,0.8689797818660736,0.8434522654861212,0.9207793436944485,0.2816543700173497,0.4175824175824176,0.7052947052947053,0.40467625899280574,0.3939393939393939,0.48031496062992124,0.4659090909090909,0.40229885057471265,0.375,0.4166666666666667,0.0,0.0001417011898477872
77,1.4603103692493131,0.00405675810825121,0.06891196158023612,1.3873416517050035,0.9822958669354839,0.9792086693548387,0.3971983538039269,0.9871816150844097,0.044089500210247934,0.06924413098022342,0.8738479875028133,0.8412252254784107,0.9198027811944485,0.2663785181939602,0.42657342657342656,0.7002997002997003,0.4136690647482014,0.46464646464646464,0.47244094488188976,0.45454545454545453,0.39080459770114945,0.375,0.4166666666666667,0.0,0.00014023677606478672
78,1.4751712155918921,0.004176704611557896,0.06909931285847579,1.4018951952457428,0.9830519153225806,0.9790826612903226,0.3980801997165526,0.9812297746539116,0.04365278081968427,0.06704354286193848,0.8705334365367889,0.8481207098811865,0.9192549511790276,0.27389947324991226,0.42357642357642356,0.7072927072927073,0.4154676258992806,0.4444444444444444,0.4881889763779528,0.4431818181818182,0.3793103448275862,0.3125,0.4166666666666667,0.0,0.00013876204859928368
79,1.4641787150213796,0.004248106451174657,0.0676650902136199,1.3922655255563798,0.9815398185483871,0.9768145161290323,0.39579990073557825,0.9833414182066917,0.046061690896749496,0.06589352968148887,0.871386207640171,0.8442144598811865,0.9139434061944485,0.2736786939203739,0.43156843156843155,0.7082917082917083,0.4244604316546763,0.46464646464646464,0.47244094488188976,0.4659090909090909,0.39080459770114945,0.3125,0.4166666666666667,0.0,0.00013727739021687614
80,1.4591294527053833,0.004270535510224891,0.06663279391584857,1.3882261235867777,0.9824848790322581,0.9758064516129032,0.40238121055787607,0.9958699904382229,0.04615068808197975,0.07037574565038085,0.8793435581028461,0.8473585154861212,0.9163252636790276,0.26570611726492643,0.42357642357642356,0.7002997002997003,0.41906474820143885,0.42424242424242425,0.48031496062992124,0.42045454545454547,0.40229885057471265,0.34375,0.4166666666666667,0.0,0.0001357831862607323
81,1.4601696696012252,0.004050869160451957,0.06601634173984489,1.3901024566542717,0.983429939516129,0.9788306451612904,0.3947105789857526,0.9889012686908245,0.04882793384604156,0.06440252903848886,0.8756708055734634,0.8434522654861212,0.9025342985987663,0.2777276672422886,0.42657342657342656,0.7002997002997003,0.4244604316546763,0.43434343434343436,0.47244094488188976,0.4659090909090909,0.367816091954023,0.3125,0.4166666666666667,0.0,0.0001342798245515745
82,1.4552226028134745,0.0043382320211329045,0.06434966548676452,1.3865346985478555,0.9826738911290323,0.9754284274193549,0.3948384809397882,0.9958517365157604,0.04638573247939348,0.06250088359229267,0.8869651071727276,0.8410108592361212,0.9071074686944485,0.2782656326889992,0.4305694305694306,0.6993006993006993,0.41906474820143885,0.47474747474747475,0.47244094488188976,0.4659090909090909,0.3793103448275862,0.375,0.4166666666666667,0.0,0.00013276769528702045
83,1.4624438391577812,0.0042642928747227415,0.06270378028913852,1.395475767793194,0.9820438508064516,0.9751764112903226,0.3981897179638186,0.9989986307919025,0.047021822072565556,0.06735069211572409,0.8846261091530323,0.8419874217361212,0.9068692810833454,0.26927476469427347,0.4225774225774226,0.6963036963036963,0.41007194244604317,0.47474747474747475,0.4881889763779528,0.4318181818181818,0.3563218390804598,0.375,0.4166666666666667,0.0,0.0001312471909403073
84,1.4328418672084808,0.00391990240173219,0.06376423010782849,1.3651577311177407,0.9821698588709677,0.9797127016129032,0.39842294589165717,0.9922648407518864,0.046603429480455816,0.06337731890380383,0.8822840824723244,0.8402486629784107,0.9117520935833454,0.2785923406481743,0.4305694305694306,0.7042957042957043,0.4118705035971223,0.47474747474747475,0.48031496062992124,0.4772727272727273,0.39080459770114945,0.40625,0.4166666666666667,0.0,0.00012971870615842527
85,1.3915509461395201,0.0039909589165378545,0.06264603501486202,1.3249139564652597,0.9841859879032258,0.9798387096774194,0.3972429462498234,0.9890396073460579,0.04356274846941233,0.06142732733860612,0.8840495236217976,0.8461675848811865,0.9240186735987663,0.26735192351043224,0.4245754245754246,0.7042957042957043,0.41007194244604317,0.48484848484848486,0.48031496062992124,0.4318181818181818,0.39080459770114945,0.34375,0.4166666666666667,0.0,0.00012818263765968706
86,1.4186863380093728,0.0036660146602850046,0.06294846063059184,1.35207185918285,0.9835559475806451,0.9817288306451613,0.40001352972561316,0.9951431080698967,0.04726382717490196,0.06078790873289108,0.887091375887394,0.8429639842361212,0.9007002636790276,0.26133002433925867,0.4275724275724276,0.7032967032967034,0.4172661870503597,0.45454545454545453,0.4881889763779528,0.4431818181818182,0.39080459770114945,0.34375,0.4166666666666667,0.0,0.0001266393841307594
87,1.4171423436172548,0.004335957696199448,0.061159957861227375,1.3516464271853048,0.9826108870967742,0.9761844758064516,0.39860248036922946,0.9881109930574894,0.046399728395044804,0.061650580028072,0.8800606764853001,0.8414991404861212,0.9128477498888969,0.2801288915798068,0.4275724275724276,0.7102897102897103,0.420863309352518,0.41414141414141414,0.49606299212598426,0.45454545454545453,0.3793103448275862,0.375,0.4166666666666667,0.0,0.00012508934612318412
88,1.424049572117867,0.0036914081388057375,0.06161776476449544,1.3587403994414113,0.9825478830645161,0.9799647177419355,0.40006773582389277,0.9942452013492584,0.04740191297605634,0.06239420431666076,0.8844490833580494,0.8414991404861212,0.9099180623888969,0.27682884223759174,0.41858141858141856,0.7032967032967034,0.4064748201438849,0.4444444444444444,0.4566929133858268,0.4659090909090909,0.3793103448275862,0.375,0.4166666666666667,0.0,0.00012353292594941486
89,1.412632224059874,0.004405744477539443,0.06102512975133235,1.3472013528789244,0.9827998991935484,0.9753024193548387,0.4002373124803266,0.9813799969851971,0.04454266803804785,0.0619637961499393,0.8748735263943672,0.8447027411311865,0.9232802949845791,0.27835760824382305,0.42957042957042957,0.7002997002997003,0.41906474820143885,0.45454545454545453,0.47244094488188976,0.4772727272727273,0.3793103448275862,0.375,0.4166666666666667,0.0,0.00012197052757839673
90,1.401513595013849,0.0037237532481911684,0.06158213737991548,1.3362077039576346,0.9826738911290323,0.9818548387096774,0.4018771833469791,0.9830617755651474,0.045516304206103086,0.06144327064976096,0.8761022053658962,0.8505621161311865,0.9075362011790276,0.27154441177845,0.4175824175824176,0.6983016983016983,0.4010791366906475,0.42424242424242425,0.4881889763779528,0.4772727272727273,0.3793103448275862,0.34375,0.4166666666666667,0.0,0.00012040255653071645
91,1.4088962265560705,0.004265291806434341,0.0595384873750229,1.3450924446505885,0.9828629032258065,0.9756804435483871,0.40260918847014826,0.9847696721553802,0.0468399211531505,0.06082185241393745,0.8771079070866108,0.8410108592361212,0.9221846386790276,0.27957518957555294,0.42157842157842157,0.6953046953046953,0.40827338129496404,0.42424242424242425,0.4881889763779528,0.4772727272727273,0.39080459770114945,0.34375,0.3333333333333333,0.0,0.00011882941977334916
92,1.4159791671460675,0.003893080252436771,0.05904630160019282,1.3530397869406208,0.9835559475806451,0.9803427419354839,0.4013260727928531,0.9880078695714474,0.04520469065755606,0.06022727955132723,0.8825758919119835,0.8446431942284107,0.9166349060833454,0.27668782602995634,0.4225774225774226,0.7012987012987013,0.4136690647482014,0.42424242424242425,0.49606299212598426,0.4431818181818182,0.3793103448275862,0.34375,0.4166666666666667,0.0,0.00011725152561403035
93,1.4052472595245606,0.004156869830988017,0.05903551472170699,1.3420548713014973,0.9829259072580645,0.9765625,0.40114669333542546,0.9952732548117638,0.045897913398221135,0.05899052554741502,0.890384815633297,0.8392721004784107,0.9108946248888969,0.26168913394212723,0.4195804195804196,0.6973026973026973,0.40827338129496404,0.43434343434343436,0.4645669291338583,0.4659090909090909,0.39080459770114945,0.34375,0.4166666666666667,0.0,0.00011566928359527937
94,1.4044806005493287,0.003926034277913371,0.057059567752144026,1.3434949969091723,0.9826738911290323,0.9793346774193549,0.40082568194596996,0.9979190267622471,0.05075747612863779,0.059019609121605754,0.8881419375538826,0.8373189754784107,0.9083936735987663,0.2732135495170951,0.42957042957042957,0.6993006993006993,0.4244604316546763,0.46464646464646464,0.4881889763779528,0.42045454545454547,0.3793103448275862,0.34375,0.4166666666666667,0.0,0.00011408310438810279
95,1.3193464413765938,0.003907725996536863,0.05764870615976472,1.2577900038130823,0.9845010080645161,0.9787046370967742,0.40436688377972574,0.9912918210029602,0.04416977032087743,0.05820295354351401,0.8889190927147865,0.8422017879784107,0.9193740449845791,0.27934128791093826,0.4205794205794206,0.7092907092907093,0.4064748201438849,0.40404040404040403,0.4881889763779528,0.48863636363636365,0.3793103448275862,0.375,0.4166666666666667,0.0,0.00011249339968540467
96,1.358948591736055,0.003842208971740723,0.05682825489390281,1.2982781250630655,0.9839969758064516,0.9800907258064516,0.3997358319259459,0.9839530289173126,0.04420799762010574,0.05497388890944421,0.884771142154932,0.8446431942284107,0.9127286560833454,0.28922504372894764,0.4195804195804196,0.7002997002997003,0.40467625899280574,0.41414141414141414,0.5039370078740157,0.4772727272727273,0.3793103448275862,0.3125,0.4166666666666667,0.0,0.00011090058209513152
97,1.385240594225545,0.004291343656199564,0.05678362059857576,1.3241656362529723,0.9820438508064516,0.9760584677419355,0.4034995737095033,0.9885594099760056,0.04465686914045364,0.057284784968942404,0.8866177648305893,0.8368306942284107,0.9117520935833454,0.2697647623717785,0.41858141858141856,0.7002997002997003,0.40827338129496404,0.45454545454545453,0.47244094488188976,0.42045454545454547,0.39080459770114945,0.34375,0.4166666666666667,0.0,0.00010930506503318016
98,1.3437912281482451,0.004428198798597159,0.0564448238620835,1.2829182047036387,0.9827368951612904,0.9765625,0.40326632126685114,0.9931850731372833,0.04662599880248308,0.05666857026517391,0.8898904956877232,0.8437261786311865,0.9178496561944485,0.27253866381943226,0.42657342657342656,0.6963036963036963,0.4172661870503597,0.45454545454545453,0.4881889763779528,0.4431818181818182,0.3793103448275862,0.34375,0.4166666666666667,0.0,0.00010770726261609538
99,1.3390125738036247,0.003956895716152259,0.05602111580270913,1.2790345645719958,0.9835559475806451,0.9785786290322581,0.4032962497684263,0.9959496259689331,0.04584654013160616,0.056156683480367064,0.8939463868737221,0.8365567810833454,0.9139434061944485,0.27207660395652056,0.4145854145854146,0.7022977022977023,0.40467625899280574,0.41414141414141414,0.47244094488188976,0.4318181818181818,0.39080459770114945,0.34375,0.5,0.0,0.00010610758955358593
100,1.321006573977009,0.004094115387312242,0.05451478712981747,1.2623976709381226,0.9845640120967742,0.9778225806451613,0.40376251671583424,0.9854705594480038,0.0421810686821118,0.05443083541467786,0.8888586424291134,0.840189116075635,0.9271865449845791,0.276615965180099,0.42857142857142855,0.7042957042957043,0.4244604316546763,0.43434343434343436,0.4645669291338583,0.4431818181818182,0.40229885057471265,0.375,0.4166666666666667,0.0,0.00010450646104088682
101,1.3392075925104079,0.004031779763012779,0.05436786447441386,1.2808079484008974,0.9828629032258065,0.9778225806451613,0.4045397740217947,0.9859171323478222,0.047254892298951745,0.05235215951688588,0.8863100707530975,0.8417135067284107,0.9075362011790276,0.28280009329319,0.4195804195804196,0.6983016983016983,0.4028776978417266,0.4444444444444444,0.47244094488188976,0.4772727272727273,0.3793103448275862,0.375,0.4166666666666667,0.0,0.0001029042926509952
102,1.3440570456366385,0.003733935657252122,0.053023698289067514,1.2872994037405137,0.9826738911290323,0.9795866935483871,0.40263961015209077,0.9868430569767952,0.04523749463260174,0.0526671907864511,0.8889383710920811,0.8397603817284107,0.9157774373888969,0.28312230855226517,0.42957042957042957,0.7012987012987013,0.4244604316546763,0.41414141414141414,0.47244094488188976,0.45454545454545453,0.40229885057471265,0.40625,0.4166666666666667,0.0,0.00010130150022680828
103,1.332254921236346,0.003994500761637615,0.05265135384134708,1.2756090673708147,0.9831779233870968,0.9784526209677419,0.4050377460737382,0.9868597611784935,0.044928117422387004,0.05257166177034378,0.8893599808216095,0.8375928904861212,0.9198027811944485,0.2706842375919223,0.4195804195804196,0.6983016983016983,0.39748201438848924,0.46464646464646464,0.4881889763779528,0.45454545454545453,0.39080459770114945,0.375,0.4166666666666667,0.0,9.969849977319172e-05
104,1.3495768625890054,0.0038241718850199943,0.0525640238737387,1.2931886714312337,0.9832409274193549,0.9793346774193549,0.40497018997707673,0.9871719218790531,0.04810699354857206,0.052256066584959626,0.8868088610470295,0.8434522654861212,0.9015577360987663,0.2762591205537319,0.42357642357642356,0.6923076923076923,0.4154676258992806,0.41414141414141414,0.4881889763779528,0.4659090909090909,0.367816091954023,0.375,0.4166666666666667,0.0,9.809570734900484e-05
105,1.3568907553149807,0.003758907219303036,0.05236868893787745,1.3007631547028018,0.983429939516129,0.9795866935483871,0.40289122034465114,0.9907986335456371,0.04381026164628565,0.05380633845925331,0.8931820243597031,0.8375333435833454,0.9206602498888969,0.275700930505991,0.4275724275724276,0.7012987012987013,0.4154676258992806,0.45454545454545453,0.49606299212598426,0.4431818181818182,0.40229885057471265,0.3125,0.4166666666666667,0.0,9.64935389591132e-05
106,1.3155690263355933,0.0038952449432408977,0.05213527135070293,1.2595385139988315,0.9846900201612904,0.9787046370967742,0.4033245357774919,0.9928101561963558,0.04675540258176625,0.052279187832027674,0.893775574862957,0.8399747498333454,0.9085127636790276,0.2712272219359875,0.42857142857142855,0.7032967032967034,0.41007194244604317,0.45454545454545453,0.49606299212598426,0.4772727272727273,0.40229885057471265,0.34375,0.4166666666666667,0.0,9.489241044641409e-05
107,1.3269902239403417,0.003747920110805764,0.05196333922926457,1.2712789612912363,0.983429939516129,0.9793346774193549,0.40311247711220094,0.984705489128828,0.0432456472190097,0.05219136201776564,0.8892684765160084,0.8431783504784107,0.9230421110987663,0.2663833824917674,0.4255744255744256,0.6993006993006993,0.40827338129496404,0.45454545454545453,0.5039370078740157,0.4431818181818182,0.39080459770114945,0.375,0.4166666666666667,0.0,9.329273738390464e-05
108,1.3099371348657916,0.0038918265410991864,0.050188054270561666,1.2558572527862364,0.9842489919354839,0.9790826612903226,0.40567593781217454,0.9873923398554325,0.044496482936665416,0.0516440209466964,0.8912518322467804,0.8448575623333454,0.9212080761790276,0.272767823189497,0.4225774225774226,0.6983016983016983,0.4064748201438849,0.42424242424242425,0.48031496062992124,0.45454545454545453,0.40229885057471265,0.40625,0.5,0.0,9.169493496681985e-05
109,1.2820603607162353,0.0040055650667542774,0.05078433171635674,1.2272704657047027,0.9846900201612904,0.9768145161290323,0.405919156487911,0.984934464097023,0.04658499185461551,0.05018227803520858,0.8881671838462353,0.8400342967361212,0.9148008748888969,0.2730582756921649,0.42857142857142855,0.6993006993006993,0.4154676258992806,0.42424242424242425,0.4881889763779528,0.5,0.40229885057471265,0.3125,0.4166666666666667,0.0,9.00994179048685e-05
110,1.2855931107074983,0.004046533447939099,0.048949375568378355,1.2325972035046546,0.9845010080645161,0.9771925403225806,0.4067671652282438,0.9813179150223732,0.04629183444194496,0.04861063580028713,0.8864154331386089,0.8429044373333454,0.9083936735987663,0.2863728543743491,0.42957042957042957,0.7002997002997003,0.4172661870503597,0.43434343434343436,0.49606299212598426,0.4431818181818182,0.40229885057471265,0.375,0.5,0.0,8.850660031459535e-05
111,1.2865770415913673,0.00394130798128073,0.04911998115600117,1.2335157507369596,0.9850050403225806,0.9778225806451613,0.40630479084868587,0.9854880534112453,0.04555144370533526,0.04977859486825764,0.8901580199599266,0.8433927185833454,0.9177305623888969,0.2749826181679964,0.42957042957042957,0.6963036963036963,0.4262589928057554,0.41414141414141414,0.48031496062992124,0.4431818181818182,0.41379310344827586,0.34375,0.4166666666666667,0.0,8.691689561189723e-05
112,1.299529652922384,0.0039161389105438794,0.04941230417499619,1.2462012138097518,0.984375,0.9793346774193549,0.403688179389123,0.9869763888418674,0.04489274963270873,0.04991850396618247,0.8921651355922222,0.8431783504784107,0.9198027811944485,0.27685755491256714,0.4255744255744256,0.6993006993006993,0.40827338129496404,0.43434343434343436,0.4881889763779528,0.4659090909090909,0.41379310344827586,0.375,0.4166666666666667,0.0,8.533071640472066e-05
113,1.302720308303833,0.003950257446230089,0.04831631785078395,1.2504537331481134,0.9825478830645161,0.977570564516129,0.4062353281244155,0.9817902408540249,0.04601025045849383,0.049425764475017786,0.8863542452454567,0.8463819529861212,0.9071074686944485,0.2797831278294325,0.42657342657342656,0.7022977022977023,0.4172661870503597,0.43434343434343436,0.47244094488188976,0.45454545454545453,0.40229885057471265,0.375,0.4166666666666667,0.0,8.374847438596966e-05
114,1.2740108969230806,0.0037656196537652923,0.048775673873962894,1.2214696049209564,0.9840599798387096,0.9803427419354839,0.40757258885329767,0.9853682294487953,0.044400000711902976,0.048345036106184125,0.8926231972873211,0.8446431942284107,0.9216368123888969,0.26254252530634403,0.42957042957042957,0.7002997002997003,0.420863309352518,0.41414141414141414,0.5039370078740157,0.45454545454545453,0.40229885057471265,0.34375,0.4166666666666667,0.0,8.217058022665086e-05
115,1.2908417447920768,0.0039404436621783044,0.04834152265421806,1.238559776736844,0.9848790322580645,0.9765625,0.40741498672193094,0.9795360118150711,0.046426781453192234,0.04970428883098066,0.8834049440920353,0.8426900692284107,0.9177305623888969,0.2748661832883954,0.42157842157842157,0.6973026973026973,0.40827338129496404,0.45454545454545453,0.4881889763779528,0.4318181818181818,0.39080459770114945,0.375,0.3333333333333333,0.0,8.059744346928357e-05
116,1.2746837026169222,0.003928081720885295,0.04821336044058684,1.2225422626060825,0.9845640120967742,0.9784526209677419,0.4042355165846886,0.9828557074069977,0.04670077469199896,0.047581816324964166,0.8885731175541878,0.8451314754784107,0.9064405485987663,0.2774205720052123,0.4325674325674326,0.6953046953046953,0.420863309352518,0.42424242424242425,0.49606299212598426,0.4659090909090909,0.42528735632183906,0.34375,0.4166666666666667,0.0,7.902947242160331e-05
117,1.2877011409690302,0.0038813063342052873,0.04697957941361012,1.2368402567601973,0.9827368951612904,0.9789566532258065,0.40455724659465975,0.9859424531459808,0.046287628123536706,0.0472289752215147,0.892425861209631,0.8399747498333454,0.9124190136790276,0.2773741353303194,0.42657342657342656,0.7012987012987013,0.420863309352518,0.42424242424242425,0.49606299212598426,0.4318181818181818,0.40229885057471265,0.3125,0.4166666666666667,0.0,7.746707405058518e-05
118,1.2547685960608144,0.004062028039873938,0.04704160738976732,1.2036649565542898,0.9855720766129032,0.9783266129032258,0.40812898331111475,0.9903623722493649,0.04881980107165873,0.04752364964224398,0.8940189145505428,0.8424161560833454,0.9071074686944485,0.275048291310668,0.4255744255744256,0.6943056943056943,0.4172661870503597,0.42424242424242425,0.4645669291338583,0.45454545454545453,0.40229885057471265,0.40625,0.4166666666666667,0.0,7.591065387681588e-05
119,1.2872333401633846,0.0037686598971636304,0.04665326669571861,1.2368114141206588,0.983429939516129,0.9798387096774194,0.40655149303136334,0.9855349212884903,0.04874744452536106,0.04661443177610636,0.8901730515062809,0.8410108592361212,0.8996046110987663,0.27446793485432863,0.4255744255744256,0.6933066933066933,0.4118705035971223,0.41414141414141414,0.5118110236220472,0.45454545454545453,0.39080459770114945,0.375,0.4166666666666667,0.0,7.43606158692406e-05
120,1.2731384572482878,0.003877039420448484,0.04708014038060942,1.2221812783710417,0.9839969758064516,0.9790826612903226,0.4033869134802972,0.981849692761898,0.04798156942706555,0.04627800243906677,0.8875901214778423,0.8409513123333454,0.9049161560833454,0.27930569276213646,0.42857142857142855,0.7002997002997003,0.41007194244604317,0.43434343434343436,0.5118110236220472,0.45454545454545453,0.41379310344827586,0.375,0.4166666666666667,0.0,7.281736234031299e-05
121,1.2659506446892215,0.0036286451337922874,0.04680861217240172,1.2155133894374293,0.9843119959677419,0.9807207661290323,0.4083175116008328,0.9858718030154705,0.046617126441560686,0.04634842253290117,0.8929062448441982,0.8417730536311865,0.9105849824845791,0.2681329380720854,0.4275724275724276,0.6943056943056943,0.4136690647482014,0.42424242424242425,0.5039370078740157,0.4431818181818182,0.42528735632183906,0.34375,0.4166666666666667,0.0,7.128129384157475e-05
122,1.2761571436159072,0.0037531689660916584,0.046590027279190475,1.225813950982786,0.9850680443548387,0.9797127016129032,0.4051113642992512,0.9796725250780582,0.04277299507521093,0.04624340287409723,0.890656128525734,0.8444883730262518,0.9290205761790276,0.26879063714295626,0.4325674325674326,0.6963036963036963,0.420863309352518,0.46464646464646464,0.4881889763779528,0.4431818181818182,0.40229885057471265,0.375,0.4166666666666667,0.0,6.975280905969274e-05
123,1.268193248779543,0.003826150445092935,0.04540635432086645,1.218960742075597,0.9838709677419355,0.9799647177419355,0.40690817611832775,0.9876656569540501,0.04733760794624686,0.043415840016677976,0.8969122134149075,0.8402486629784107,0.9017959199845791,0.2719076480716467,0.4305694305694306,0.6983016983016983,0.41906474820143885,0.45454545454545453,0.4881889763779528,0.45454545454545453,0.39080459770114945,0.375,0.4166666666666667,0.0,6.823230471297956e-05
124,1.2868321014027442,0.003969236110400919,0.04432615655804834,1.2385367126234117,0.9832409274193549,0.9779485887096774,0.40966215273064954,0.9894036203622818,0.04683773219585419,0.045065969694405794,0.8974999226629734,0.8436666317284107,0.9117520935833454,0.27517889998853207,0.4275724275724276,0.6893106893106893,0.4136690647482014,0.43434343434343436,0.49606299212598426,0.45454545454545453,0.40229885057471265,0.375,0.4166666666666667,0.0,6.672017544842552e-05
125,1.2208397172151073,0.003934759723403746,0.044956750086238305,1.1719482060401671,0.9862651209677419,0.9779485887096774,0.40623107119914026,0.9803820699453354,0.04600963438861072,0.042371063493192196,0.8920013718307018,0.8453458435833454,0.9173018261790276,0.27860403805971146,0.42857142857142855,0.6993006993006993,0.41007194244604317,0.43434343434343436,0.5196850393700787,0.4659090909090909,0.39080459770114945,0.375,0.4166666666666667,0.0,6.521681373926772e-05
126,1.2421618675993336,0.0037325247521361998,0.043000240569874164,1.1954291003846353,0.9837449596774194,0.9789566532258065,0.40879387120085375,0.9744352512061596,0.04530017194338143,0.042936661280691624,0.8861984200775623,0.8439405467361212,0.9064405485987663,0.2748257201164961,0.4275724275724276,0.6943056943056943,0.4118705035971223,0.4444444444444444,0.4881889763779528,0.4659090909090909,0.40229885057471265,0.375,0.4166666666666667,0.0,6.372260978312387e-05
127,1.2408667509594271,0.003577141292372553,0.04285745313691516,1.1944321552591939,0.9851310483870968,0.9803427419354839,0.41034638569239645,0.9855266064405441,0.04613980324938893,0.04338456760160625,0.8960022330284119,0.8404630310833454,0.9178496561944485,0.27741929702460766,0.4275724275724276,0.6953046953046953,0.420863309352518,0.40404040404040403,0.48031496062992124,0.4431818181818182,0.42528735632183906,0.375,0.4166666666666667,0.0,6.223795140071635e-05
128,1.251972210743735,0.003680376973915695,0.04335400525240168,1.2049378288849708,0.9848790322580645,0.9798387096774194,0.40755970848183476,0.9761562012135983,0.04643476381897926,0.04402777017094195,0.8856936618685722,0.8456197567284107,0.9113233610987663,0.2775372788310051,0.4245754245754246,0.7082917082917083,0.4136690647482014,0.41414141414141414,0.49606299212598426,0.45454545454545453,0.40229885057471265,0.375,0.3333333333333333,0.0,6.076322393521331e-05
129,1.242275969155373,0.0037345240475147993,0.04340462050130291,1.1951368244424942,0.9846900201612904,0.9797127016129032,0.40951631530638666,0.9811985418200493,0.048197631957009435,0.0433455491438508,0.8896553553640842,0.8447027411311865,0.9129668436944485,0.2743620229884982,0.42357642357642356,0.7032967032967034,0.40827338129496404,0.43434343434343436,0.49606299212598426,0.4659090909090909,0.3793103448275862,0.375,0.4166666666666667,0.0,5.929881015221281e-05
130,1.2196744930359624,0.003781500233021835,0.04292784847559467,1.1729651439574458,0.985383064516129,0.9788306451612904,0.4084749132875473,0.9765044339001179,0.04533460480161011,0.042705048341304064,0.8884647786617279,0.8424757029861212,0.9210889860987663,0.27796521224081516,0.43156843156843155,0.7002997002997003,0.4172661870503597,0.4444444444444444,0.5118110236220472,0.45454545454545453,0.40229885057471265,0.34375,0.4166666666666667,0.0,5.7845090140396143e-05
131,1.2386972822489277,0.003970971871768275,0.042429096816528226,1.1922972161443002,0.9849420362903226,0.9764364919354839,0.40914263960815245,0.984108068048954,0.048416006145998836,0.04237664840184152,0.8933154232800007,0.8422017879784107,0.9068692810833454,0.2714543342590332,0.42857142857142855,0.6973026973026973,0.420863309352518,0.43434343434343436,0.49606299212598426,0.4318181818181818,0.40229885057471265,0.34375,0.4166666666666667,0.0,5.64024412128755e-05
132,1.2522211476199088,0.004286031018578327,0.04201613528834235,1.2059189847880794,0.9844380040322581,0.9761844758064516,0.40830151664633907,0.9877795018255711,0.04959662049077451,0.043409430887550116,0.8947734385728836,0.841165678575635,0.9046065136790276,0.26342723332345486,0.42857142857142855,0.7112887112887113,0.4136690647482014,0.47474747474747475,0.4881889763779528,0.4772727272727273,0.367816091954023,0.34375,0.4166666666666667,0.0,5.497123780926268e-05
133,1.1974421607390526,0.004057065589163798,0.04197260854585517,1.151412482223203,0.9860761088709677,0.9769405241935484,0.4080574959516525,0.9746823310852051,0.0439505388494581,0.04119485151022673,0.8895369470119476,0.8409513123333454,0.9232802949845791,0.2761446190997958,0.42857142857142855,0.6923076923076923,0.420863309352518,0.4444444444444444,0.5039370078740157,0.4659090909090909,0.3563218390804598,0.3125,0.4166666666666667,0.0,5.355185139848304e-05
134,1.2440646632063774,0.0038611454130601016,0.040741761545500445,1.1994617528492404,0.9845010080645161,0.9787046370967742,0.41118470242907923,0.9749227352440357,0.04425958124920726,0.041728138690814376,0.8889350146055222,0.8429044373333454,0.9237090311944485,0.2745600175112486,0.4275724275724276,0.6993006993006993,0.4172661870503597,0.43434343434343436,0.5118110236220472,0.45454545454545453,0.3793103448275862,0.3125,0.4166666666666667,0.0,5.214465038236069e-05
135,1.1934653587879673,0.003981697553465511,0.04109712014155042,1.1483865401917888,0.9848790322580645,0.9779485887096774,0.411235376231132,0.9830326437950134,0.049954872112721205,0.04016206879168749,0.8929157108068466,0.8426900692284107,0.9094893261790276,0.27009331341832876,0.43156843156843155,0.6983016983016983,0.42985611510791366,0.4444444444444444,0.4881889763779528,0.4431818181818182,0.3793103448275862,0.3125,0.4166666666666667,0.0,5.075000000000002e-05
136,1.2102743137267329,0.004008908409413116,0.040599330718959534,1.1656660725993495,0.985320060483871,0.9768145161290323,0.40782359074200353,0.9736217968165874,0.04270907526370138,0.0407376151997596,0.8901750966906548,0.8463224060833454,0.9246855936944485,0.2716733980923891,0.4305694305694306,0.6963036963036963,0.4226618705035971,0.45454545454545453,0.49606299212598426,0.4431818181818182,0.39080459770114945,0.3125,0.4166666666666667,0.0,4.936826223298753e-05
137,1.1968542034587553,0.003892650955094723,0.04086093793833448,1.152100616405087,0.986328125,0.9789566532258065,0.4119521848136379,0.9865505807101727,0.04631377523764968,0.04113136348314583,0.8991054482758045,0.8414395935833454,0.9119902811944485,0.26888511795550585,0.4325674325674326,0.7072927072927073,0.42985611510791366,0.4444444444444444,0.4881889763779528,0.4318181818181818,0.39080459770114945,0.34375,0.4166666666666667,0.0,4.7999795711439785e-05
138,1.183983901335347,0.003582923286528732,0.04072167318794997,1.1396792999679042,0.9856980846774194,0.98046875,0.4076213745340224,0.9819147996604443,0.051172159146517515,0.0400236442219466,0.8907189816236496,0.8417135067284107,0.9027724824845791,0.2746595311909914,0.4245754245754246,0.6973026973026973,0.41906474820143885,0.43434343434343436,0.49606299212598426,0.4318181818181818,0.367816091954023,0.34375,0.4166666666666667,0.0,4.664495562092084e-05
139,1.1859539288186258,0.003926508337181369,0.040210607822143266,1.1418168138592475,0.9862651209677419,0.9787046370967742,0.41063259590056633,0.9872049540281296,0.04701155633665621,0.03979917545802891,0.900394219905138,0.8390577342361212,0.9251143261790276,0.2760044587776065,0.42957042957042957,0.6973026973026973,0.4154676258992806,0.4444444444444444,0.5118110236220472,0.45454545454545453,0.3793103448275862,0.375,0.4166666666666667,0.0,4.530409361025371e-05
140,1.1779716632539226,0.003615747299092266,0.04025822219949576,1.1340976943892818,0.9864541330645161,0.9807207661290323,0.4069986288105288,0.9845545552670956,0.04792932653799653,0.04035002109594643,0.896275207400322,0.8441549129784107,0.9069883748888969,0.2735334960743785,0.4255744255744256,0.6933066933066933,0.4172661870503597,0.4444444444444444,0.4881889763779528,0.4431818181818182,0.39080459770114945,0.3125,0.4166666666666667,0.0,4.397755770025001e-05
141,1.207672895443055,0.004008677274537002,0.03926879954674552,1.1643954157348602,0.9843119959677419,0.9768145161290323,0.40694252497726874,0.9711178243160248,0.04483755026012659,0.03830675361678004,0.8879735134541988,0.8448575623333454,0.9285918436944485,0.2733381735160947,0.4275724275724276,0.6943056943056943,0.4154676258992806,0.4444444444444444,0.5039370078740157,0.4659090909090909,0.3793103448275862,0.3125,0.4166666666666667,0.0,4.266569219338116e-05
142,1.238165294931781,0.003869184474047694,0.03880697678053571,1.1954891301931874,0.9841229838709677,0.9778225806451613,0.4115841669901725,0.98271369561553,0.0493983244523406,0.03928127931430936,0.8940340839326382,0.844095366075635,0.9049161560833454,0.2811860926449299,0.4275724275724276,0.6903096903096904,0.4262589928057554,0.43434343434343436,0.48031496062992124,0.4431818181818182,0.3793103448275862,0.3125,0.4166666666666667,0.0,4.1368837584414547e-05
143,1.169163028559377,0.003955468135715027,0.03921446702893703,1.125993091733225,0.9858240927419355,0.9773185483870968,0.4129035984796862,0.9836307764053345,0.04410602664574981,0.03897977573797107,0.9005449712276459,0.846048491075635,0.9304258748888969,0.2699495702981949,0.42857142857142855,0.6953046953046953,0.4262589928057554,0.43434343434343436,0.49606299212598426,0.4318181818181818,0.39080459770114945,0.28125,0.4166666666666667,0.0,4.008733047203824e-05
144,1.1764260842915504,0.0033698388114346252,0.038068883781952244,1.134987364132558,0.9857610887096774,0.981476814516129,0.41203737162774606,0.9846682175993919,0.04489623103290796,0.03845314239151776,0.9013188444077969,0.8422613348811865,0.9124190136790276,0.2700438806787133,0.4355644355644356,0.6973026973026973,0.42985611510791366,0.43434343434343436,0.5039370078740157,0.4659090909090909,0.3793103448275862,0.34375,0.4166666666666667,0.0,3.882150347149657e-05
145,1.1734569719241512,0.003785588426727636,0.03799142027574201,1.131679963921347,0.9856980846774194,0.9783266129032258,0.40806373473136653,0.9864881336688995,0.04850656748749316,0.03780568880029023,0.9001758694648743,0.8459532167762518,0.9119902811944485,0.27156675327569246,0.4305694305694306,0.6953046953046953,0.4244604316546763,0.43434343434343436,0.4881889763779528,0.4659090909090909,0.3793103448275862,0.34375,0.4166666666666667,0.0,3.7571685128259976e-05
146,1.188837967091991,0.0037139715563933996,0.037530834456124616,1.1475931636748775,0.985320060483871,0.9789566532258065,0.41030783494634016,0.986509595066309,0.04728873004205525,0.03716128319501877,0.9020595774054527,0.8399747498333454,0.9217559061944485,0.266745587810874,0.42857142857142855,0.6933066933066933,0.4244604316546763,0.4444444444444444,0.48031496062992124,0.45454545454545453,0.3793103448275862,0.3125,0.4166666666666667,0.0,3.633819983275102e-05
147,1.198905834747899,0.0036386443405776406,0.037257875976783615,1.1580093176134172,0.9849420362903226,0.9802167338709677,0.40989268475001855,0.9822841472923756,0.048618268920108676,0.037950844736769795,0.8957150280475616,0.8433927185833454,0.9069883748888969,0.2695554764941335,0.43756243756243757,0.6973026973026973,0.42985611510791366,0.46464646464646464,0.5118110236220472,0.4431818181818182,0.39080459770114945,0.3125,0.4166666666666667,0.0,3.512136773614881e-05
148,1.1644949355433065,0.0034548973982905847,0.037510620189770576,1.123529419062599,0.9856980846774194,0.9802167338709677,0.40881244573862324,0.9855226501822472,0.04775893967598677,0.03740236256271601,0.900361355394125,0.8436666317284107,0.9108946248888969,0.2640013014897704,0.4325674325674326,0.6943056943056943,0.4262589928057554,0.45454545454545453,0.49606299212598426,0.45454545454545453,0.3793103448275862,0.3125,0.4166666666666667,0.0,3.392150466729361e-05
149,1.1815914401123602,0.0036403835840774852,0.037542890396810344,1.140408168396642,0.9860761088709677,0.9797127016129032,0.41144379853240903,0.9815847836434841,0.045244168723002076,0.03745168470777571,0.8988889381289482,0.8488233592361212,0.9188262186944485,0.26956532895565033,0.4355644355644356,0.6963036963036963,0.42985611510791366,0.43434343434343436,0.5039370078740157,0.4772727272727273,0.3793103448275862,0.3125,0.4166666666666667,0.0,3.273892205071369e-05
150,1.174106586604349,0.003501052912578152,0.03699611043257098,1.1336094189074732,0.9855720766129032,0.9821068548387096,0.41215441087561266,0.9844092726707458,0.047154485364444554,0.037241703597828746,0.9000130891799927,0.8438809998333454,0.9188262186944485,0.27210277132689953,0.43756243756243757,0.6953046953046953,0.4316546762589928,0.45454545454545453,0.5039370078740157,0.4659090909090909,0.3793103448275862,0.3125,0.4166666666666667,0.0,3.157392682579487e-05
151,1.1710769286559475,0.0037665134051724546,0.03694708765514435,1.1303633285626289,0.9865171370967742,0.9780745967741935,0.41155696299768263,0.9800720475614071,0.04307882545981556,0.037123994436115026,0.899869229644537,0.8394864685833454,0.9315215311944485,0.26987579092383385,0.43956043956043955,0.6963036963036963,0.4370503597122302,0.45454545454545453,0.5118110236220472,0.45454545454545453,0.367816091954023,0.3125,0.4166666666666667,0.0,3.0426821367114476e-05
152,1.1634755086514257,0.0035974456774467045,0.03674967107813685,1.1231283954074305,0.9849420362903226,0.979460685483871,0.4124458932107495,0.9778131544589996,0.04453141428530216,0.03650763793848455,0.8967740908265114,0.8424161560833454,0.9162061735987663,0.27679708506911993,0.4405594405594406,0.6963036963036963,0.4352517985611511,0.45454545454545453,0.49606299212598426,0.4659090909090909,0.39080459770114945,0.34375,0.4166666666666667,0.0,2.9297903405959965e-05
153,1.1626367638668706,0.003472436507382231,0.036670264938185294,1.1224940635504261,0.9866431451612904,0.98046875,0.417280588659548,0.9887734167277813,0.04498795163817704,0.03704028227366507,0.906745195388794,0.840189116075635,0.9207793436944485,0.26424091029912233,0.4405594405594406,0.6993006993006993,0.4316546762589928,0.46464646464646464,0.5039370078740157,0.4772727272727273,0.39080459770114945,0.34375,0.3333333333333333,0.0,2.818746595305279e-05
154,1.1438987425738765,0.0036471796160068124,0.03708219089575352,1.1031693739275779,0.9867061491935484,0.9783266129032258,0.4108882373379123,0.9905489794909954,0.04973735148087144,0.036720974603667855,0.9040906503796577,0.8402486629784107,0.9079649373888969,0.2718456257134676,0.43656343656343655,0.6943056943056943,0.42805755395683454,0.45454545454545453,0.5039370078740157,0.4318181818181818,0.40229885057471265,0.375,0.4166666666666667,0.0,2.7095797222497453e-05
155,1.1734926628489648,0.003722276905928964,0.03655479286587046,1.1332155958779397,0.9851310483870968,0.9790826612903226,0.41576243912981403,0.9823260605335236,0.045319558936171234,0.036728604696691036,0.9002778939902782,0.8453458435833454,0.9158965311944485,0.27793508023023605,0.43656343656343655,0.6913086913086913,0.4316546762589928,0.43434343434343436,0.49606299212598426,0.4431818181818182,0.40229885057471265,0.375,0.4166666666666667,0.0,2.602318055697547e-05
156,1.1914809836495308,0.003958750004512107,0.03658069474923034,1.1509415396759588,0.9850050403225806,0.9766885080645161,0.41181242009324415,0.9812837950885296,0.04416220681741834,0.036243382724933326,0.9008781984448433,0.843118803575635,0.9187071248888969,0.27244213595986366,0.4405594405594406,0.6933066933066933,0.43345323741007197,0.47474747474747475,0.49606299212598426,0.45454545454545453,0.3793103448275862,0.375,0.4166666666666667,0.0,2.4969894354203723e-05
157,1.1793146623719124,0.003651665620582794,0.03543713344861903,1.140225859418992,0.9850050403225806,0.9795866935483871,0.4137751698013275,0.9857610464096069,0.04896431462839246,0.036222910857759416,0.9005738273262978,0.840677397325635,0.9055830761790276,0.26153026055544615,0.43756243756243757,0.6983016983016983,0.43884892086330934,0.45454545454545453,0.4881889763779528,0.4659090909090909,0.367816091954023,0.3125,0.3333333333333333,0.0,2.3936211994676485e-05
158,1.1985514123112924,0.0036256707906197278,0.03604921028618851,1.1588765298647266,0.9842489919354839,0.9798387096774194,0.412639485251519,0.9793560840189457,0.046776070492342114,0.03573720983695239,0.8968427963554859,0.8419278748333454,0.9050352498888969,0.27252431306988,0.43356643356643354,0.6953046953046953,0.4244604316546763,0.46464646464646464,0.4881889763779528,0.45454545454545453,0.39080459770114945,0.34375,0.4166666666666667,0.0,2.2922401770709385e-05
159,1.1438367080784613,0.003545772305627789,0.03538383526967898,1.1049071024021795,0.9858240927419355,0.9810987903225806,0.4134411311918689,0.9825187511742115,0.04816410457715392,0.0353084160014987,0.8990462422370911,0.8431783504784107,0.9033917672932148,0.2744885850697756,0.43756243756243757,0.6943056943056943,0.42805755395683454,0.45454545454545453,0.5039370078740157,0.45454545454545453,0.39080459770114945,0.375,0.4166666666666667,0.0,2.1928726816804032e-05
160,1.1616026413056157,0.0038805862499312724,0.03481768340533299,1.1229043691869705,0.9848790322580645,0.9776965725806451,0.41452794834490747,0.9793022833764553,0.04802990099415183,0.03536607592832297,0.8959063030779362,0.8426900692284107,0.9129668436944485,0.27437073923647404,0.43656343656343655,0.6953046953046953,0.4316546762589928,0.43434343434343436,0.5039370078740157,0.45454545454545453,0.39080459770114945,0.34375,0.4166666666666667,0.0,2.0955445041351656e-05
161,1.1692089762899183,0.0038818270758999842,0.03514570148000794,1.1301814485942163,0.9846900201612904,0.9774445564516129,0.41297070778185324,0.9862213358283043,0.04903222108259797,0.035668569384142756,0.9015205353498459,0.841653959825635,0.9029630310833454,0.2748234150931239,0.4325674325674326,0.6953046953046953,0.4262589928057554,0.4444444444444444,0.49606299212598426,0.4431818181818182,0.40229885057471265,0.3125,0.4166666666666667,0.0,2.0002809059692742e-05
162,1.1413997832325198,0.003677232119145863,0.035071824602181875,1.1026507255531126,0.9862651209677419,0.9789566532258065,0.4147296867543651,0.9850651100277901,0.0482221816200763,0.0353197711519897,0.901523157954216,0.8409513123333454,0.9128477498888969,0.2750374712049961,0.43656343656343655,0.6953046953046953,0.42805755395683454,0.45454545454545453,0.5039370078740157,0.4772727272727273,0.3793103448275862,0.3125,0.4166666666666667,0.0,1.907106612855089e-05
163,1.1295516173685751,0.0031440790957159123,0.03500290383254328,1.0914046377424271,0.9865171370967742,0.9818548387096774,0.4148908887178667,0.9856978058815002,0.048016794957220554,0.03538754768669605,0.9022934585809708,0.8404630310833454,0.9125381074845791,0.2792106457054615,0.44155844155844154,0.6943056943056943,0.4316546762589928,0.4444444444444444,0.5118110236220472,0.4772727272727273,0.40229885057471265,0.34375,0.4166666666666667,0.0,1.8160458081857252e-05
164,1.175902305591491,0.0037727653501450176,0.03506226511672139,1.1370672742205281,0.9835559475806451,0.9788306451612904,0.41313884383247745,0.9847870655357838,0.0462660756893456,0.03503295127302408,0.9034880474209785,0.8431783504784107,0.9065596386790276,0.26792985759675503,0.43456543456543456,0.6983016983016983,0.42985611510791366,0.45454545454545453,0.4881889763779528,0.45454545454545453,0.39080459770114945,0.3125,0.4166666666666667,0.0,1.727122126798244e-05
165,1.15651909093703,0.0035373779288831076,0.034614896281592304,1.1183668170725145,0.9849420362903226,0.9799647177419355,0.4105387594430677,0.9848519116640091,0.04999164049513638,0.03475256159435958,0.9001077078282833,0.8431783504784107,0.8981993123888969,0.2669285824522376,0.4405594405594406,0.6933066933066933,0.4352517985611511,0.45454545454545453,0.5118110236220472,0.45454545454545453,0.39080459770114945,0.3125,0.4166666666666667,0.0,1.640358648839244e-05
166,1.1465679241284248,0.0036899000288911103,0.03453992123925878,1.10833810341935,0.9865171370967742,0.9783266129032258,0.4117634455042501,0.9840634763240814,0.046975967939943075,0.03440944442991167,0.9026780687272549,0.842142241075635,0.9110137186944485,0.27494694851338863,0.4355644355644356,0.6903096903096904,0.42805755395683454,0.45454545454545453,0.5039370078740157,0.45454545454545453,0.39080459770114945,0.3125,0.4166666666666667,0.0,1.5557778937743917e-05
167,1.1296814497440093,0.003616645510661446,0.03416877713114504,1.0918960268459013,0.9859501008064516,0.9790826612903226,0.4144477712050561,0.9732318967580795,0.04369855113327503,0.03450267156586051,0.8950306661427021,0.841165678575635,0.9149199686944485,0.2731049284338951,0.43356643356643354,0.6983016983016983,0.4262589928057554,0.4444444444444444,0.49606299212598426,0.4659090909090909,0.39080459770114945,0.3125,0.4166666666666667,0.0,1.4734018145435099e-05
168,1.1549696268573884,0.003762652790511868,0.03417180621275498,1.1170351639870675,0.9846270161290323,0.9792086693548387,0.41314341296111384,0.9810694195330143,0.045374212320894,0.03465038328431547,0.9010448269546032,0.8399747498333454,0.9148008748888969,0.2698696441948414,0.43656343656343655,0.6993006993006993,0.4262589928057554,0.4444444444444444,0.5118110236220472,0.4659090909090909,0.40229885057471265,0.3125,0.4166666666666667,0.0,1.3932517918626805e-05
169,1.1584910245672349,0.003881243399284299,0.034030919188573476,1.1205788610442993,0.9848790322580645,0.9774445564516129,0.41098768648601347,0.9767166040837765,0.04691355722025037,0.03442848415579647,0.8953745625913143,0.8438809998333454,0.9050352498888969,0.271797988563776,0.43656343656343655,0.6953046953046953,0.4262589928057554,0.4444444444444444,0.5118110236220472,0.4659090909090909,0.39080459770114945,0.34375,0.4166666666666667,0.0,1.3153486286748739e-05
170,1.131097576550899,0.0036260070766964475,0.03372899366302356,1.0937425760972885,0.9859501008064516,0.9798387096774194,0.4133951385175028,0.979237724095583,0.044987366534769535,0.03402376966550946,0.9002265781164169,0.840677397325635,0.9103467985987663,0.2734856065362692,0.43756243756243757,0.6933066933066933,0.42985611510791366,0.45454545454545453,0.5118110236220472,0.4431818181818182,0.39080459770114945,0.34375,0.4166666666666667,0.0,1.2397125447505626e-05
171,1.111976131075813,0.0036979809543305647,0.033500648343995694,1.074777502927088,0.9863911290322581,0.9797127016129032,0.4143450120764394,0.9752868413925171,0.044143858598545194,0.03369442466646433,0.8974485695362091,0.8438809998333454,0.9177305623888969,0.2734513618052006,0.4355644355644356,0.6953046953046953,0.42805755395683454,0.45454545454545453,0.5039370078740157,0.45454545454545453,0.39080459770114945,0.3125,0.4166666666666667,0.0,1.1663631714396535e-05
172,1.1030267964928382,0.003338851661312454,0.03321528995049096,1.0664726572652017,0.9871471774193549,0.9817288306451613,0.4140349155472171,0.9804286658763885,0.04703240725211799,0.03384340519551188,0.8995528630912304,0.8436666317284107,0.9100371561944485,0.2725910618901253,0.4355644355644356,0.6973026973026973,0.4226618705035971,0.45454545454545453,0.5039370078740157,0.4659090909090909,0.40229885057471265,0.34375,0.4166666666666667,0.0,1.0953195465761901e-05
173,1.1326795931785338,0.0036295689448794994,0.03356660182978357,1.0954834201162862,0.9850050403225806,0.979460685483871,0.4139496664847097,0.9848060980439186,0.04612110066227615,0.03390281170140952,0.9047821909189224,0.8431783504784107,0.9187071248888969,0.2732729325070977,0.43656343656343655,0.6933066933066933,0.42805755395683454,0.46464646464646464,0.5039370078740157,0.45454545454545453,0.3793103448275862,0.34375,0.4166666666666667,0.0,1.0266001095370732e-05
174,1.1321663246039422,0.003726263926270598,0.033541388148742336,1.0948986682680346,0.9847530241935484,0.9785786290322581,0.41401171780401663,0.9848080985248089,0.04742951109074056,0.03376124345231801,0.9036173596978188,0.8431783504784107,0.9096084199845791,0.2710425276309252,0.43456543456543456,0.6963036963036963,0.4244604316546763,0.45454545454545453,0.5039370078740157,0.4431818181818182,0.40229885057471265,0.34375,0.4166666666666667,0.0,9.602226964561202e-06
175,1.1401140980662838,0.003388575542386764,0.03347523777835792,1.1032502879538844,0.9860761088709677,0.9822328629032258,0.4130530042513724,0.9817447811365128,0.04662154917605221,0.03375913156196475,0.9013641141355038,0.8446431942284107,0.9139434061944485,0.2698241835460067,0.43756243756243757,0.6973026973026973,0.4316546762589928,0.46464646464646464,0.49606299212598426,0.4431818181818182,0.39080459770114945,0.34375,0.4166666666666667,0.0,8.962045355947012e-06
176,1.1362849269663133,0.003915290345884709,0.03351637587371853,1.0988532646048454,0.9863911290322581,0.9765625,0.41570523621574523,0.9825325757265091,0.04962838860228658,0.033541331184096634,0.899362850934267,0.8434522654861212,0.9069883748888969,0.2753039728850126,0.4385614385614386,0.6953046953046953,0.43345323741007197,0.45454545454545453,0.5039370078740157,0.4431818181818182,0.39080459770114945,0.34375,0.4166666666666667,0.0,8.345622428701254e-06
177,1.134900474019589,0.003693565739423878,0.033190424373793985,1.098016482207083,0.9851940524193549,0.9784526209677419,0.41670198522267804,0.9803002327680588,0.04614634066820145,0.03328258148394525,0.900871317833662,0.8443692810833454,0.9093702360987663,0.2752268249168992,0.43756243756243757,0.6923076923076923,0.42985611510791366,0.45454545454545453,0.5118110236220472,0.45454545454545453,0.3793103448275862,0.34375,0.4166666666666667,0.0,7.753118175430017e-06
178,1.1213922029541386,0.0038503095291220705,0.032865445384935986,1.084676449096972,0.9858870967741935,0.9782006048387096,0.4150292558535453,0.9809476137161255,0.048402904998511076,0.033133090822957456,0.8994116298854351,0.8444288279861212,0.9069883748888969,0.27346961572766304,0.4385614385614386,0.6963036963036963,0.4316546762589928,0.45454545454545453,0.5118110236220472,0.45454545454545453,0.3793103448275862,0.34375,0.4166666666666667,0.0,7.184686380646172e-06
179,1.1200796676979912,0.0037105821163183257,0.032599684076323625,1.0837694017156478,0.987273185483871,0.9779485887096774,0.4156489848129211,0.9809999577701092,0.04770342563278973,0.032967170467600226,0.9003293626010418,0.8446431942284107,0.9100371561944485,0.2759133204817772,0.43956043956043955,0.6943056943056943,0.4316546762589928,0.45454545454545453,0.5039370078740157,0.45454545454545453,0.40229885057471265,0.34375,0.4166666666666667,0.0,6.640474580854566e-06
180,1.1244710448288149,0.003527542515169649,0.032799601660019925,1.0881438997964705,0.9861391129032258,0.9793346774193549,0.4179757533054198,0.9776332415640354,0.046297237859107554,0.032952188048511744,0.8983837999403477,0.8436666317284107,0.9142530485987663,0.2750877505168319,0.43956043956043955,0.6923076923076923,0.43345323741007197,0.4444444444444444,0.5039370078740157,0.45454545454545453,0.40229885057471265,0.34375,0.4166666666666667,0.0,6.120624026259025e-06
181,1.1044491748175314,0.0038369628511587036,0.032640977777660854,1.067971234360049,0.9858240927419355,0.9784526209677419,0.4154107318289818,0.9790785126388073,0.04626703285612166,0.03301562019623816,0.8997958563268185,0.8446431942284107,0.9128477498888969,0.2743920926004648,0.44255744255744256,0.6923076923076923,0.4316546762589928,0.48484848484848486,0.5039370078740157,0.45454545454545453,0.40229885057471265,0.34375,0.4166666666666667,0.0,5.625269644100745e-06
182,1.1083734052315835,0.0037320963747333735,0.03253277780247792,1.072108532872892,0.9868321572580645,0.9780745967741935,0.4150607376810043,0.9789031744003296,0.04804405104368925,0.03295232716482133,0.8979067876935005,0.8454053904861212,0.9080840311944485,0.2742081731557846,0.43956043956043955,0.6963036963036963,0.4316546762589928,0.47474747474747475,0.5039370078740157,0.4431818181818182,0.40229885057471265,0.3125,0.4166666666666667,0.0,5.1545400036379605e-06
183,1.1110020986487787,0.0035634850194788494,0.03286505830023558,1.0745735569827017,0.9865801411290323,0.9800907258064516,0.4150051260667463,0.9778279848396778,0.04933593422174454,0.03285347600467503,0.8956385664641857,0.8458936717361212,0.9114424511790276,0.27412913367152214,0.43956043956043955,0.6913086913086913,0.43345323741007197,0.46464646464646464,0.5039370078740157,0.45454545454545453,0.39080459770114945,0.3125,0.4166666666666667,0.0,4.708557282775816e-06
184,1.1448339961709515,0.0034685870001163904,0.03252589309047307,1.1088395154764574,0.9845010080645161,0.9795866935483871,0.4152343775476179,0.9748288281261921,0.04579999833367765,0.03285795066040009,0.8961708806455135,0.8436666317284107,0.9212080761790276,0.274357165209949,0.43956043956043955,0.6923076923076923,0.43345323741007197,0.45454545454545453,0.5039370078740157,0.4431818181818182,0.40229885057471265,0.34375,0.4166666666666667,0.0,4.287437236355055e-06
185,1.1207344149870258,0.0034515549682950105,0.0323873863465363,1.0848954723727318,0.9867061491935484,0.9810987903225806,0.4134957975437564,0.9820643365383148,0.05099978554062545,0.032861765241250396,0.8982027918100357,0.8441549129784107,0.9002715311944485,0.2727636080235243,0.4405594405594406,0.6953046953046953,0.4352517985611511,0.45454545454545453,0.5039370078740157,0.45454545454545453,0.39080459770114945,0.34375,0.4166666666666667,0.0,3.891289166107836e-06
186,1.1199322061673287,0.0038081420324517475,0.03247328698935528,1.0836507750134314,0.9855720766129032,0.9793346774193549,0.4141080610213741,0.9790651574730873,0.04729664325714111,0.032801068970002234,0.8989674411714077,0.8431783504784107,0.9164443574845791,0.27280173264443874,0.4385614385614386,0.6943056943056943,0.43345323741007197,0.45454545454545453,0.5039370078740157,0.4431818181818182,0.39080459770114945,0.34375,0.4166666666666667,0.0,3.5202158922884366e-06
187,1.1124159799468132,0.003558199522235701,0.03246423886007359,1.0763935408284586,0.9871471774193549,0.9790826612903226,0.41391073311528853,0.9774923846125603,0.046091618947684765,0.032740820897743106,0.8986599370837212,0.8426900692284107,0.9182783886790276,0.2718946747481823,0.43956043956043955,0.6953046953046953,0.4316546762589928,0.45454545454545453,0.5039370078740157,0.45454545454545453,0.39080459770114945,0.375,0.4166666666666667,0.0,3.1743137269863337e-06
188,1.133607793238855,0.0035847654029156173,0.03234794050935776,1.0976750910762818,0.9865801411290323,0.9792086693548387,0.4147574654029262,0.9780776835978031,0.04525339440442622,0.03261098300572485,0.9002133160829544,0.8436666317284107,0.9108946248888969,0.2732718838378787,0.43956043956043955,0.6943056943056943,0.4352517985611511,0.45454545454545453,0.5039370078740157,0.45454545454545453,0.39080459770114945,0.3125,0.4166666666666667,0.0,2.8536724491283634e-06
189,1.1250168183638203,0.003329695362833351,0.03214545917486952,1.089541661883554,0.9854460685483871,0.981476814516129,0.41452270385719114,0.9780230969190598,0.04618829896207899,0.032556774793192744,0.8992780297994614,0.8419278748333454,0.9104658886790276,0.2724897526204586,0.43756243756243757,0.6923076923076923,0.43345323741007197,0.45454545454545453,0.49606299212598426,0.45454545454545453,0.39080459770114945,0.3125,0.4166666666666667,0.0,2.5583752811765246e-06
190,1.0926897309480175,0.003525073374593405,0.0321924957717138,1.0569721650212043,0.986328125,0.9803427419354839,0.41366779035137546,0.9772508554160595,0.04461144015658647,0.03249925363343209,0.9001401662826538,0.8424161560833454,0.9143721386790276,0.2723760139197111,0.4385614385614386,0.6933066933066933,0.43345323741007197,0.45454545454545453,0.5039370078740157,0.45454545454545453,0.39080459770114945,0.3125,0.4166666666666667,0.0,2.288498867527672e-06
191,1.1319841461316231,0.003658647593364285,0.03234431919671835,1.0959811811485598,0.9854460685483871,0.9798387096774194,0.4147573685453784,0.9799589738249779,0.04874800285324454,0.03245922247879207,0.8987517468631268,0.8436666317284107,0.9016768261790276,0.2731706602498889,0.43756243756243757,0.6943056943056943,0.4316546762589928,0.45454545454545453,0.5039370078740157,0.45454545454545453,0.39080459770114945,0.3125,0.4166666666666667,0.0,2.044113254620424e-06
192,1.1383458498504855,0.003835571936971035,0.032202938676721624,1.1023073388684181,0.9850050403225806,0.9773185483870968,0.4138227612260849,0.9818279817700386,0.04991983063519001,0.03244706126861274,0.8994610980153084,0.8441549129784107,0.8987471386790276,0.27318497002124786,0.4405594405594406,0.6933066933066933,0.43345323741007197,0.45454545454545453,0.5039370078740157,0.4659090909090909,0.40229885057471265,0.3125,0.4166666666666667,0.0,1.825281872754589e-06
193,1.1073845672991969,0.0037208090450862544,0.03234389144927263,1.071319866564966,0.9865801411290323,0.9788306451612904,0.4148221496612795,0.9800070598721504,0.04696169798262417,0.03241715021431446,0.9006282091140747,0.8436666317284107,0.9139434061944485,0.273170318454504,0.4405594405594406,0.6943056943056943,0.4352517985611511,0.45454545454545453,0.5039370078740157,0.45454545454545453,0.39080459770114945,0.34375,0.4166666666666667,0.0,1.6320615196278573e-06
194,1.1247481088484488,0.0036787943080848744,0.03217576667966862,1.088893547654152,0.9846900201612904,0.9787046370967742,0.4145574987896027,0.9811163023114204,0.04693169449456036,0.032377332798205316,0.9018072821199894,0.8431783504784107,0.9158965311944485,0.2726190937682986,0.4385614385614386,0.6933066933066933,0.43345323741007197,0.45454545454545453,0.5039370078740157,0.45454545454545453,0.39080459770114945,0.3125,0.4166666666666667,0.0,1.4645023455939614e-06
195,1.1203204679393,0.0035460517566177933,0.031773857456902345,1.085000560889321,0.9857610887096774,0.9799647177419355,0.41545283193549803,0.9787175394594669,0.04469615931157023,0.032326445332728326,0.9016949385404587,0.8431783504784107,0.9194454997777939,0.2733770553022623,0.4385614385614386,0.6943056943056943,0.43345323741007197,0.45454545454545453,0.5039370078740157,0.45454545454545453,0.39080459770114945,0.3125,0.4166666666666667,0.0,1.3226478406461118e-06
196,1.1289361575918813,0.0033621509041216586,0.03206608207115243,1.093507928232993,0.9851310483870968,0.9810987903225806,0.4142681651057736,0.9782096892595291,0.0458328234963119,0.03234114113729447,0.9000357203185558,0.8431783504784107,0.9122999235987663,0.27230686973780394,0.4385614385614386,0.6933066933066933,0.43345323741007197,0.45454545454545453,0.5039370078740157,0.45454545454545453,0.39080459770114945,0.3125,0.4166666666666667,0.0,1.2065348231291753e-06
197,1.1269096876344373,0.0036320888170702083,0.032363746375326186,1.0909138538183705,0.9850050403225806,0.9792086693548387,0.41363205376171297,0.981089174747467,0.0486185671761632,0.032302268547937274,0.9001683369278908,0.8441549129784107,0.9090605936944485,0.2731297146528959,0.4405594405594406,0.6953046953046953,0.4352517985611511,0.45454545454545453,0.5039370078740157,0.45454545454545453,0.39080459770114945,0.34375,0.4166666666666667,0.0,1.11619343018351e-06
198,1.1058612607659832,0.003438732862818025,0.03221642269542621,1.0702061030653216,0.9862021169354839,0.9808467741935484,0.41470394980522896,0.981147650629282,0.0471721300855279,0.03229840751737356,0.9016770981252193,0.8436666317284107,0.9032012186944485,0.27338032238185406,0.4385614385614386,0.6943056943056943,0.4316546762589928,0.45454545454545453,0.5039370078740157,0.45454545454545453,0.39080459770114945,0.34375,0.4166666666666667,0.0,1.051647109922818e-06
199,1.10118080867875,0.0035485176556375657,0.03219713459932996,1.0654351531017212,0.9862651209677419,0.9807207661290323,0.41519615799188614,0.9803207442164421,0.0471865339204669,0.03227789734955877,0.9008563160896301,0.8436666317284107,0.9178496561944485,0.2734283646568656,0.43956043956043955,0.6943056943056943,0.43345323741007197,0.45454545454545453,0.5039370078740157,0.45454545454545453,0.39080459770114945,0.34375,0.4166666666666667,0.0,1.0129126153482195e-06
200,1.1350389723816225,0.0039688927546751894,0.03194180862497418,1.0991282753886715,0.9861391129032258,0.9769405241935484,0.41473092691552255,0.9782322682440281,0.04704648966435343,0.032263548695482314,0.8989222198724747,0.8433927185833454,0.9128477498888969,0.2732082437723875,0.43956043956043955,0.6963036963036963,0.43345323741007197,0.46464646464646464,0.5039370078740157,0.45454545454545453,0.39080459770114945,0.3125,0.4166666666666667,0.0,1e-06
